0,0,43.56,45.422
0,1,43.72,45.585
0,2,43.88,45.748
0,3,44.038,45.91
0,4,44.199,46.074
0,5,44.359,46.237
0,6,44.519,46.4
0,7,44.68,46.563
0,8,44.84,46.726
0,9,45.001,46.89
0,10,45.16,47.052
0,11,45.321,47.216
0,12,45.482,47.379
0,13,45.642,47.543
0,14,45.803,47.706
0,15,45.933,47.839
0,16,46.061,47.971
0,17,46.19,48.102
0,18,46.316,48.232
0,19,46.444,48.362
0,20,46.568,48.491
0,21,46.694,48.619
0,22,46.817,48.746
0,23,46.94,48.872
0,24,47.061,48.996
0,25,47.184,49.121
0,26,47.303,49.244
0,27,47.422,49.366
0,28,47.54,49.487
0,29,47.658,49.608
0,30,47.774,49.727
0,31,47.89,49.846
0,32,48.003,49.962
0,33,48.117,50.079
0,34,48.231,50.195
0,35,48.343,50.31
0,36,48.453,50.424
0,37,48.564,50.537
0,38,48.674,50.65
0,39,48.781,50.76
0,40,48.89,50.871
0,41,48.996,50.98
0,42,49.102,51.09
0,43,49.207,51.197
0,44,49.312,51.305
0,45,49.415,51.411
0,46,49.518,51.516
0,47,49.621,51.621
0,48,49.721,51.725
0,49,49.822,51.828
0,50,49.921,51.93
0,51,50.021,52.032
0,52,50.119,52.133
0,53,50.216,52.233
0,54,50.313,52.332
0,55,50.409,52.43
0,56,50.504,52.528
0,57,50.598,52.625
0,58,50.692,52.721
0,59,50.785,52.817
0,60,50.878,52.912
0,61,50.97,53.006
0,62,51.061,53.1
0,63,51.152,53.193
0,64,51.242,53.286
0,65,51.33,53.377
0,66,51.42,53.468
0,67,51.508,53.559
0,68,51.596,53.65
0,69,51.684,53.739
0,70,51.769,53.827
0,71,51.856,53.916
0,72,51.942,54.004
0,73,52.025,54.09
0,74,52.11,54.177
0,75,52.195,54.264
0,76,52.277,54.349
0,77,52.36,54.434
0,78,52.441,54.518
0,79,52.524,54.602
0,80,52.604,54.685
0,81,52.686,54.768
0,82,52.765,54.85
0,83,52.845,54.932
0,84,52.924,55.013
0,85,53.003,55.095
0,86,53.081,55.175
0,87,53.158,55.254
0,88,53.236,55.334
0,89,53.312,55.412
0,90,53.39,55.491
0,91,53.465,55.569
0,92,53.54,55.646
0,93,53.616,55.724
0,94,53.69,55.8
0,95,53.763,55.876
0,96,53.837,55.951
0,97,53.911,56.028
0,98,53.984,56.102
0,99,54.056,56.176
0,100,54.127,56.25
0,101,54.199,56.324
0,102,54.271,56.398
0,103,54.342,56.47
0,104,54.412,56.542
0,105,54.482,56.614
0,106,54.551,56.686
0,107,54.62,56.757
0,108,54.689,56.827
0,109,54.757,56.898
0,110,54.827,56.969
0,111,54.894,57.038
0,112,54.961,57.107
0,113,55.028,57.176
0,114,55.095,57.244
0,115,55.161,57.312
0,116,55.227,57.38
0,117,55.292,57.447
0,118,55.357,57.514
0,119,55.422,57.581
0,120,55.486,57.647
0,121,55.548,57.712
0,122,55.612,57.777
0,123,55.675,57.842
0,124,55.738,57.907
0,125,55.801,57.971
0,126,55.863,58.035
0,127,55.925,58.099
0,128,55.987,58.163
0,129,56.049,58.226
0,130,56.108,58.287
0,131,56.168,58.35
0,132,56.229,58.412
0,133,56.289,58.474
0,134,56.349,58.535
0,135,56.407,58.595
0,136,56.466,58.656
0,137,56.525,58.716
0,138,56.584,58.777
0,139,56.642,58.837
0,140,56.698,58.895
0,141,56.756,58.954
0,142,56.814,59.013
0,143,56.869,59.071
0,144,56.926,59.13
0,145,56.983,59.188
0,146,57.038,59.245
0,147,57.094,59.303
0,148,57.15,59.36
0,149,57.204,59.416
0,150,57.26,59.473
0,151,57.315,59.53
0,152,57.368,59.585
0,153,57.423,59.641
0,154,57.478,59.697
0,155,57.53,59.752
0,156,57.584,59.808
0,157,57.636,59.862
0,158,57.69,59.917
0,159,57.742,59.97
0,160,57.795,60.025
0,161,57.849,60.08
0,162,57.9,60.133
0,163,57.952,60.187
0,164,58.003,60.239
0,165,58.056,60.293
0,166,58.106,60.345
0,167,58.158,60.399
0,168,58.208,60.451
0,169,58.26,60.504
0,170,58.309,60.555
0,171,58.359,60.607
0,172,58.41,60.659
0,173,58.459,60.71
0,174,58.51,60.762
0,175,58.559,60.813
0,176,58.609,60.865
0,177,58.658,60.915
0,178,58.706,60.965
0,179,58.756,61.017
0,180,58.804,61.067
0,181,58.852,61.116
0,182,58.902,61.167
0,183,58.95,61.217
0,184,58.999,61.267
0,185,59.047,61.317
0,186,59.094,61.366
0,187,59.141,61.415
0,188,59.19,61.465
0,189,59.237,61.513
0,190,59.284,61.562
0,191,59.332,61.612
0,192,59.379,61.66
0,193,59.425,61.708
0,194,59.473,61.758
0,195,59.519,61.806
0,196,59.566,61.853
0,197,59.611,61.901
0,198,59.657,61.949
0,199,59.705,61.997
0,200,59.751,62.045
0,201,59.796,62.092
0,202,59.841,62.139
0,203,59.889,62.188
0,204,59.934,62.234
0,205,59.979,62.281
0,206,60.024,62.328
0,207,60.069,62.375
0,208,60.114,62.421
0,209,60.161,62.469
0,210,60.205,62.515
0,211,60.25,62.562
0,212,60.294,62.608
0,213,60.338,62.654
0,214,60.383,62.7
0,215,60.427,62.746
0,216,60.471,62.791
0,217,60.517,62.838
0,218,60.561,62.884
0,219,60.605,62.929
0,220,60.649,62.975
0,221,60.692,63.02
0,222,60.736,63.066
0,223,60.779,63.111
0,224,60.823,63.156
0,225,60.866,63.201
0,226,60.909,63.246
0,227,60.953,63.291
0,228,60.996,63.335
0,229,61.039,63.38
0,230,61.082,63.425
0,231,61.125,63.469
0,232,61.167,63.514
0,233,61.21,63.558
0,234,61.253,63.602
0,235,61.295,63.647
0,236,61.338,63.691
0,237,61.38,63.735
0,238,61.423,63.779
0,239,61.465,63.823
0,240,61.507,63.867
0,241,61.55,63.911
0,242,61.592,63.954
0,243,61.634,63.998
0,244,61.676,64.042
0,245,61.718,64.085
0,246,61.76,64.129
0,247,61.801,64.172
0,248,61.843,64.215
0,249,61.885,64.259
0,250,61.926,64.302
0,251,61.966,64.344
0,252,62.007,64.387
0,253,62.049,64.43
0,254,62.09,64.473
0,255,62.131,64.516
0,256,62.173,64.558
0,257,62.214,64.601
0,258,62.255,64.644
0,259,62.296,64.686
0,260,62.335,64.728
0,261,62.376,64.77
0,262,62.417,64.813
0,263,62.458,64.855
0,264,62.498,64.897
0,265,62.539,64.94
0,266,62.578,64.98
0,267,62.618,65.023
0,268,62.659,65.065
0,269,62.699,65.107
0,270,62.74,65.149
0,271,62.778,65.189
0,272,62.818,65.231
0,273,62.859,65.273
0,274,62.899,65.315
0,275,62.939,65.356
0,276,62.977,65.397
0,277,63.017,65.438
0,278,63.057,65.48
0,279,63.097,65.521
0,280,63.137,65.563
0,281,63.175,65.603
0,282,63.214,65.644
0,283,63.254,65.685
0,284,63.294,65.727
0,285,63.331,65.766
0,286,63.371,65.807
0,287,63.411,65.848
0,288,63.448,65.888
0,289,63.487,65.929
0,290,63.527,65.97
0,291,63.566,66.011
0,292,63.603,66.05
0,293,63.643,66.091
0,294,63.682,66.132
0,295,63.719,66.171
0,296,63.758,66.212
0,297,63.797,66.252
0,298,63.836,66.293
0,299,63.873,66.332
0,300,63.912,66.372
0,301,63.95,66.412
0,302,63.987,66.451
0,303,64.026,66.491
0,304,64.065,66.532
0,305,64.101,66.57
0,306,64.14,66.61
0,307,64.178,66.651
0,308,64.215,66.689
0,309,64.253,66.729
0,310,64.292,66.769
0,311,64.328,66.807
0,312,64.366,66.847
0,313,64.402,66.885
0,314,64.441,66.925
0,315,64.479,66.965
0,316,64.515,67.003
0,317,64.553,67.043
0,318,64.591,67.082
0,319,64.627,67.12
0,320,64.665,67.16
0,321,64.7,67.198
0,322,64.738,67.237
0,323,64.776,67.276
0,324,64.812,67.314
0,325,64.849,67.353
0,326,64.885,67.391
0,327,64.923,67.43
0,328,64.96,67.469
0,329,64.996,67.507
0,330,65.033,67.545
0,331,65.068,67.583
0,332,65.106,67.622
0,333,65.141,67.659
0,334,65.178,67.698
0,335,65.216,67.737
0,336,65.251,67.774
0,337,65.288,67.812
0,338,65.323,67.85
0,339,65.36,67.888
0,340,65.395,67.925
0,341,65.432,67.964
0,342,65.467,68.001
0,343,65.504,68.039
0,344,65.538,68.076
0,345,65.575,68.114
0,346,65.612,68.152
0,347,65.646,68.189
0,348,65.683,68.227
0,349,65.718,68.264
0,350,65.754,68.302
0,351,65.789,68.338
0,352,65.825,68.376
0,353,65.86,68.413
0,354,65.896,68.451
0,355,65.93,68.487
0,356,65.966,68.525
0,357,66.001,68.561
0,358,66.037,68.599
0,359,66.071,68.635
0,360,66.107,68.673
0,361,66.141,68.709
0,362,66.177,68.746
0,363,66.211,68.782
0,364,66.247,68.82
0,365,66.281,68.856
0,366,66.317,68.893
0,367,66.351,68.929
0,368,66.387,68.966
0,369,66.42,69.002
0,370,66.454,69.038
0,371,66.49,69.075
0,372,66.523,69.11
0,373,66.559,69.148
0,374,66.592,69.183
0,375,66.628,69.22
0,376,66.661,69.256
0,377,66.697,69.292
0,378,66.73,69.328
0,379,66.765,69.365
0,380,66.799,69.4
0,381,66.832,69.435
0,382,66.867,69.472
0,383,66.9,69.507
0,384,66.935,69.544
0,385,66.968,69.579
0,386,67.003,69.615
0,387,67.036,69.65
0,388,67.071,69.687
0,389,67.104,69.722
0,390,67.137,69.757
0,391,67.172,69.793
0,392,67.205,69.828
0,393,67.24,69.864
0,394,67.272,69.899
0,395,67.307,69.935
0,396,67.34,69.97
0,397,67.372,70.004
0,398,67.407,70.04
0,399,67.439,70.075
0,400,67.474,70.111
0,401,67.506,70.145
0,402,67.539,70.18
0,403,67.573,70.216
0,404,67.605,70.25
0,405,67.64,70.286
0,406,67.672,70.32
0,407,67.704,70.354
0,408,67.738,70.39
0,409,67.77,70.424
0,410,67.805,70.46
0,411,67.837,70.494
0,412,67.869,70.528
0,413,67.903,70.563
0,414,67.935,70.597
0,415,67.969,70.633
0,416,68.001,70.667
0,417,68.032,70.7
0,418,68.066,70.736
0,419,68.098,70.769
0,420,68.129,70.803
0,421,68.163,70.838
0,422,68.195,70.872
0,423,68.229,70.907
0,424,68.26,70.941
0,425,68.292,70.974
0,426,68.325,71.009
0,427,68.357,71.043
0,428,68.388,71.076
0,429,68.422,71.111
0,430,68.453,71.144
0,431,68.484,71.178
0,432,68.518,71.212
0,433,68.549,71.246
0,434,68.582,71.28
0,435,68.613,71.314
0,436,68.644,71.347
0,437,68.678,71.381
0,438,68.708,71.414
0,439,68.739,71.447
0,440,68.773,71.482
0,441,68.803,71.515
0,442,68.834,71.548
0,443,68.867,71.582
0,444,68.898,71.615
0,445,68.929,71.648
0,446,68.962,71.682
0,447,68.993,71.715
0,448,69.023,71.747
0,449,69.056,71.782
0,450,69.087,71.814
0,451,69.119,71.848
0,452,69.15,71.881
0,453,69.18,71.914
0,454,69.213,71.948
0,455,69.244,71.98
0,456,69.274,72.012
0,457,69.307,72.046
0,458,69.337,72.079
0,459,69.367,72.111
0,460,69.4,72.145
0,461,69.43,72.177
0,462,69.46,72.209
0,463,69.492,72.243
0,464,69.523,72.275
0,465,69.553,72.307
0,466,69.585,72.341
0,467,69.615,72.373
0,468,69.645,72.405
0,469,69.675,72.437
0,470,69.707,72.471
0,471,69.737,72.502
0,472,69.767,72.534
0,473,69.799,72.568
0,474,69.829,72.6
0,475,69.858,72.631
0,476,69.89,72.665
0,477,69.92,72.696
0,478,69.95,72.728
0,479,69.982,72.761
0,480,70.011,72.793
0,481,70.041,72.825
0,482,70.073,72.858
0,483,70.102,72.889
0,484,70.132,72.921
0,485,70.164,72.954
0,486,70.193,72.985
0,487,70.222,73.017
0,488,70.252,73.048
0,489,70.283,73.081
0,490,70.312,73.112
0,491,70.342,73.144
0,492,70.373,73.176
0,493,70.403,73.208
0,494,70.432,73.239
0,495,70.463,73.272
0,496,70.492,73.303
0,497,70.521,73.334
0,498,70.553,73.366
0,499,70.582,73.397
0,500,70.611,73.429
0,501,70.64,73.46
0,502,70.671,73.492
0,503,70.7,73.523
0,504,70.729,73.554
0,505,70.76,73.586
0,506,70.789,73.617
0,507,70.817,73.648
0,508,70.848,73.68
0,509,70.877,73.711
0,510,70.906,73.742
0,511,70.934,73.772
0,512,70.965,73.805
0,513,70.994,73.835
0,514,71.023,73.866
0,515,71.054,73.898
0,516,71.082,73.928
0,517,71.11,73.959
0,518,71.139,73.989
0,519,71.17,74.021
0,520,71.198,74.052
0,521,71.226,74.082
0,522,71.257,74.114
0,523,71.285,74.144
0,524,71.314,74.175
0,525,71.342,74.205
0,526,71.372,74.237
0,527,71.401,74.267
0,528,71.429,74.297
0,529,71.459,74.329
0,530,71.487,74.359
0,531,71.515,74.389
0,532,71.543,74.419
0,533,71.574,74.451
0,534,71.602,74.481
0,535,71.63,74.511
0,536,71.66,74.542
0,537,71.688,74.572
0,538,71.716,74.602
0,539,71.744,74.632
0,540,71.774,74.663
0,541,71.802,74.693
0,542,71.829,74.723
0,543,71.859,74.754
0,544,71.887,74.784
0,545,71.915,74.814
0,546,71.942,74.843
0,547,71.972,74.874
0,548,72,74.904
0,549,72.028,74.934
0,550,72.055,74.963
0,551,72.085,74.994
0,552,72.113,75.024
0,553,72.14,75.053
0,554,72.17,75.084
0,555,72.197,75.114
0,556,72.225,75.143
0,557,72.252,75.172
0,558,72.282,75.203
0,559,72.309,75.233
0,560,72.336,75.262
0,561,72.363,75.291
0,562,72.393,75.322
0,563,72.42,75.351
0,564,72.447,75.38
0,565,72.474,75.409
0,566,72.504,75.44
0,567,72.531,75.469
0,568,72.558,75.498
0,569,72.588,75.529
0,570,72.615,75.558
0,571,72.642,75.587
0,572,72.669,75.616
0,573,72.698,75.646
0,574,72.725,75.675
0,575,72.752,75.704
0,576,72.778,75.733
0,577,72.808,75.764
0,578,72.835,75.792
0,579,72.861,75.821
0,580,72.888,75.85
0,581,72.917,75.88
0,582,72.944,75.909
0,583,72.97,75.937
0,584,73,75.968
0,585,73.026,75.996
0,586,73.053,76.025
0,587,73.079,76.053
0,588,73.108,76.084
0,589,73.135,76.112
0,590,73.161,76.141
0,591,73.188,76.169
0,592,73.217,76.199
0,593,73.243,76.228
0,594,73.269,76.256
0,595,73.296,76.284
0,596,73.325,76.314
0,597,73.351,76.343
0,598,73.377,76.371
0,599,73.403,76.399
0,600,73.432,76.429
0,601,73.458,76.457
0,602,73.485,76.485
0,603,73.511,76.514
0,604,73.539,76.543
0,605,73.565,76.571
0,606,73.591,76.6
0,607,73.618,76.628
0,608,73.646,76.657
0,609,73.672,76.685
0,610,73.698,76.713
0,611,73.724,76.741
0,612,73.752,76.771
0,613,73.778,76.799
0,614,73.804,76.827
0,615,73.83,76.854
0,616,73.858,76.884
0,617,73.884,76.912
0,618,73.91,76.94
0,619,73.938,76.969
0,620,73.964,76.997
0,621,73.99,77.024
0,622,74.015,77.052
0,623,74.044,77.081
0,624,74.069,77.109
0,625,74.095,77.137
0,626,74.12,77.164
0,627,74.149,77.193
0,628,74.174,77.221
0,629,74.2,77.248
0,630,74.225,77.276
0,631,74.253,77.305
0,632,74.279,77.332
0,633,74.304,77.36
0,634,74.329,77.387
0,635,74.357,77.416
0,636,74.383,77.444
0,637,74.408,77.471
0,638,74.433,77.498
0,639,74.461,77.527
0,640,74.486,77.554
0,641,74.512,77.582
0,642,74.537,77.609
0,643,74.565,77.638
0,644,74.59,77.665
0,645,74.615,77.692
0,646,74.64,77.719
0,647,74.668,77.748
0,648,74.693,77.775
0,649,74.718,77.802
0,650,74.743,77.829
0,651,74.77,77.858
0,652,74.795,77.885
0,653,74.82,77.912
0,654,74.845,77.938
0,655,74.873,77.967
0,656,74.898,77.994
0,657,74.922,78.021
0,658,74.947,78.048
0,659,74.975,78.076
0,660,74.999,78.103
0,661,75.024,78.129
0,662,75.049,78.156
0,663,75.076,78.185
0,664,75.101,78.211
0,665,75.125,78.238
0,666,75.15,78.265
0,667,75.177,78.293
0,668,75.202,78.319
0,669,75.227,78.346
0,670,75.251,78.372
0,671,75.278,78.401
0,672,75.303,78.427
0,673,75.327,78.454
0,674,75.352,78.48
0,675,75.379,78.508
0,676,75.403,78.535
0,677,75.427,78.561
0,678,75.452,78.587
0,679,75.479,78.615
0,680,75.503,78.642
0,681,75.527,78.668
0,682,75.552,78.694
0,683,75.578,78.722
0,684,75.603,78.748
0,685,75.627,78.774
0,686,75.651,78.801
0,687,75.678,78.828
0,688,75.702,78.854
0,689,75.726,78.881
0,690,75.75,78.907
0,691,75.777,78.934
0,692,75.801,78.96
0,693,75.825,78.986
0,694,75.851,79.014
0,695,75.875,79.04
0,696,75.899,79.066
0,697,75.923,79.092
0,698,75.95,79.119
0,699,75.974,79.145
0,700,75.998,79.171
0,701,76.021,79.197
0,702,76.048,79.225
0,703,76.072,79.25
0,704,76.096,79.276
0,705,76.119,79.302
0,706,76.146,79.329
0,707,76.169,79.355
0,708,76.193,79.381
0,709,76.217,79.406
0,710,76.243,79.434
0,711,76.267,79.459
0,712,76.29,79.485
0,713,76.314,79.51
0,714,76.34,79.537
0,715,76.364,79.563
0,716,76.387,79.589
0,717,76.411,79.614
0,718,76.437,79.641
0,719,76.46,79.667
0,720,76.484,79.692
0,721,76.507,79.717
0,722,76.533,79.744
0,723,76.556,79.77
0,724,76.58,79.795
0,725,76.606,79.822
0,726,76.629,79.847
0,727,76.652,79.873
0,728,76.676,79.898
0,729,76.702,79.925
0,730,76.725,79.95
0,731,76.049,79.276
0,732,76.072,79.301
0,733,76.096,79.326
0,734,76.119,79.352
0,735,76.145,79.378
0,736,76.168,79.403
0,737,76.191,79.428
0,738,76.214,79.453
0,739,76.239,79.48
0,740,76.262,79.505
0,741,76.285,79.53
0,742,76.311,79.557
0,743,76.334,79.582
0,744,76.357,79.607
0,745,76.38,79.632
0,746,76.405,79.658
0,747,76.428,79.683
0,748,76.451,79.708
0,749,76.474,79.732
0,750,76.499,79.759
0,751,76.522,79.784
0,752,76.545,79.809
0,753,76.57,79.835
0,754,76.593,79.86
0,755,76.616,79.884
0,756,76.639,79.909
0,757,76.664,79.935
0,758,76.687,79.96
0,759,76.709,79.985
0,760,76.732,80.009
0,761,76.757,80.035
0,762,76.78,80.06
0,763,76.802,80.084
0,764,76.827,80.111
0,765,76.85,80.135
0,766,76.872,80.16
0,767,76.895,80.184
0,768,76.92,80.21
0,769,76.942,80.235
0,770,76.965,80.259
0,771,76.987,80.283
0,772,77.012,80.309
0,773,77.035,80.334
0,774,77.057,80.358
0,775,77.082,80.384
0,776,77.104,80.408
0,777,77.127,80.433
0,778,77.149,80.457
0,779,77.174,80.483
0,780,77.196,80.507
0,781,77.218,80.531
0,782,77.243,80.557
0,783,77.265,80.581
0,784,77.287,80.605
0,785,77.31,80.629
0,786,77.334,80.655
0,787,77.356,80.679
0,788,77.378,80.703
0,789,77.403,80.729
0,790,77.425,80.753
0,791,77.447,80.777
0,792,77.469,80.801
0,793,77.494,80.826
0,794,77.516,80.85
0,795,77.538,80.874
0,796,77.56,80.898
0,797,77.584,80.924
0,798,77.606,80.947
0,799,77.628,80.971
0,800,77.652,80.997
0,801,77.674,81.02
0,802,77.696,81.044
0,803,77.718,81.068
0,804,77.742,81.093
0,805,77.764,81.117
0,806,77.786,81.141
0,807,77.81,81.166
0,808,77.832,81.19
0,809,77.853,81.213
0,810,77.878,81.239
0,811,77.899,81.262
0,812,77.921,81.286
0,813,77.942,81.309
0,814,77.967,81.334
0,815,77.988,81.358
0,816,78.01,81.381
0,817,78.034,81.407
0,818,78.055,81.43
0,819,78.077,81.453
0,820,78.098,81.477
0,821,78.122,81.502
0,822,78.144,81.525
0,823,78.165,81.548
0,824,78.189,81.574
0,825,78.211,81.597
0,826,78.232,81.62
0,827,78.253,81.643
0,828,78.277,81.668
0,829,78.298,81.691
0,830,78.32,81.715
0,831,78.343,81.74
0,832,78.365,81.763
0,833,78.386,81.786
0,834,78.41,81.811
0,835,78.431,81.834
0,836,78.452,81.857
0,837,78.473,81.88
0,838,78.497,81.905
0,839,78.518,81.928
0,840,78.539,81.951
0,841,78.563,81.975
0,842,78.584,81.998
0,843,78.605,82.021
0,844,78.628,82.046
0,845,78.649,82.069
0,846,78.67,82.092
0,847,78.691,82.114
0,848,78.715,82.139
0,849,78.736,82.162
0,850,78.756,82.184
0,851,78.78,82.209
0,852,78.801,82.232
0,853,78.822,82.254
0,854,78.845,82.279
0,855,78.866,82.302
0,856,78.887,82.324
0,857,78.907,82.347
0,858,78.931,82.371
0,859,78.951,82.394
0,860,78.972,82.416
0,861,78.995,82.441
0,862,79.016,82.463
0,863,79.037,82.486
0,864,79.06,82.51
0,865,79.08,82.533
0,866,79.101,82.555
0,867,79.124,82.579
0,868,79.145,82.602
0,869,79.165,82.624
0,870,79.186,82.647
0,871,79.209,82.671
0,872,79.229,82.693
0,873,79.25,82.715
0,874,79.273,82.739
0,875,79.293,82.762
0,876,79.313,82.784
0,877,79.337,82.808
0,878,79.357,82.83
0,879,79.377,82.853
0,880,79.4,82.877
0,881,79.42,82.899
0,882,79.441,82.921
0,883,79.464,82.945
0,884,79.484,82.967
0,885,79.504,82.989
0,886,79.527,83.013
0,887,79.547,83.035
0,888,79.567,83.057
0,889,79.587,83.079
0,890,79.61,83.103
0,891,79.63,83.125
0,892,79.65,83.147
0,893,79.673,83.171
0,894,79.693,83.192
0,895,79.713,83.214
0,896,79.736,83.238
0,897,79.756,83.26
0,898,79.776,83.282
0,899,79.798,83.305
0,900,79.818,83.327
0,901,79.838,83.349
0,902,79.861,83.373
0,903,79.881,83.394
0,904,79.901,83.416
0,905,79.923,83.44
0,906,79.943,83.461
0,907,79.963,83.483
0,908,79.985,83.507
0,909,80.005,83.528
0,910,80.025,83.55
0,911,80.047,83.573
0,912,80.067,83.595
0,913,80.086,83.616
0,914,80.109,83.64
0,915,80.128,83.661
0,916,80.148,83.683
0,917,80.17,83.706
0,918,80.19,83.728
0,919,80.21,83.749
0,920,80.232,83.772
0,921,80.251,83.794
0,922,80.271,83.815
0,923,80.293,83.839
0,924,80.313,83.86
0,925,80.332,83.881
0,926,80.354,83.904
0,927,80.374,83.926
0,928,80.393,83.947
0,929,80.415,83.97
0,930,80.435,83.992
0,931,80.454,84.013
0,932,80.476,84.036
0,933,80.496,84.057
0,934,80.515,84.078
0,935,80.537,84.101
0,936,80.556,84.122
0,937,80.576,84.144
0,938,80.597,84.167
0,939,80.617,84.188
0,940,80.636,84.209
0,941,80.658,84.232
0,942,80.677,84.253
0,943,80.696,84.274
0,944,80.718,84.297
0,945,80.737,84.318
0,946,80.756,84.339
0,947,80.778,84.362
0,948,80.797,84.383
0,949,80.816,84.404
0,950,80.838,84.426
0,951,80.857,84.447
0,952,80.879,84.47
0,953,80.898,84.491
0,954,80.917,84.512
0,955,80.939,84.534
0,956,80.958,84.555
0,957,80.977,84.576
0,958,80.998,84.599
0,959,81.017,84.62
0,960,81.036,84.64
0,961,81.058,84.663
0,962,81.077,84.684
0,963,81.096,84.704
0,964,81.117,84.727
0,965,81.136,84.748
0,966,81.155,84.768
0,967,81.176,84.791
0,968,81.195,84.812
0,969,81.217,84.834
0,970,81.235,84.855
0,971,81.254,84.875
0,972,81.276,84.898
0,973,81.294,84.918
0,974,81.313,84.939
0,975,81.334,84.961
0,976,81.353,84.982
0,977,81.372,85.002
0,978,81.393,85.025
0,979,81.412,85.045
0,980,81.433,85.067
0,981,81.452,85.088
0,982,81.47,85.108
0,983,81.492,85.131
0,984,81.51,85.151
0,985,81.529,85.172
0,986,81.55,85.194
0,987,81.568,85.214
0,988,81.587,85.234
0,989,81.608,85.257
0,990,81.627,85.277
0,991,81.648,85.299
0,992,81.666,85.32
0,993,81.685,85.34
0,994,81.706,85.362
0,995,81.724,85.382
0,996,81.743,85.403
0,997,81.764,85.425
0,998,81.782,85.445
0,999,81.803,85.467
0,1000,81.822,85.487
0,1001,81.84,85.507
0,1002,81.861,85.529
0,1003,81.879,85.549
0,1004,81.898,85.57
0,1005,81.919,85.592
0,1006,81.937,85.612
0,1007,81.958,85.634
0,1008,81.976,85.654
0,1009,81.994,85.674
0,1010,82.015,85.696
0,1011,82.034,85.716
0,1012,82.052,85.736
0,1013,82.073,85.758
0,1014,82.091,85.778
0,1015,82.112,85.8
0,1016,82.13,85.82
0,1017,82.148,85.84
0,1018,82.169,85.861
0,1019,82.187,85.881
0,1020,82.208,85.903
0,1021,82.226,85.923
0,1022,82.244,85.943
0,1023,82.265,85.965
0,1024,82.283,85.985
0,1025,82.303,86.006
0,1026,82.321,86.026
0,1027,82.339,86.046
0,1028,82.36,86.068
0,1029,82.378,86.088
0,1030,82.396,86.107
0,1031,82.417,86.129
0,1032,82.435,86.149
0,1033,82.455,86.17
0,1034,82.473,86.19
0,1035,82.491,86.21
0,1036,82.512,86.231
0,1037,82.53,86.251
0,1038,82.55,86.273
0,1039,82.568,86.292
0,1040,82.586,86.312
0,1041,82.607,86.334
0,1042,82.624,86.353
0,1043,82.645,86.375
0,1044,82.663,86.395
0,1045,82.68,86.414
0,1046,82.701,86.436
0,1047,82.719,86.455
0,1048,82.739,86.477
0,1049,82.757,86.496
0,1050,82.775,86.516
0,1051,82.795,86.537
0,1052,82.813,86.557
0,1053,82.833,86.578
0,1054,82.851,86.598
0,1055,82.869,86.617
0,1056,82.889,86.639
0,1057,82.907,86.658
0,1058,82.927,86.679
0,1059,82.945,86.699
0,1060,82.962,86.718
0,1061,82.983,86.74
0,1062,83,86.759
0,1063,83.021,86.78
0,1064,83.038,86.8
0,1065,83.056,86.819
0,1066,83.076,86.84
0,1067,83.093,86.86
0,1068,83.114,86.881
0,1069,83.131,86.9
0,1070,83.152,86.922
0,1071,83.169,86.941
0,1072,83.186,86.96
0,1073,83.207,86.981
0,1074,83.224,87.001
0,1075,83.244,87.022
0,1076,83.262,87.041
0,1077,83.279,87.06
0,1078,83.299,87.081
0,1079,83.317,87.101
0,1080,83.337,87.122
0,1081,83.354,87.141
0,1082,83.372,87.16
0,1083,83.392,87.181
0,1084,83.409,87.2
0,1085,83.429,87.222
0,1086,83.447,87.241
0,1087,83.467,87.262
0,1088,83.484,87.281
0,1089,83.501,87.3
0,1090,83.521,87.321
0,1091,83.539,87.34
0,1092,83.559,87.361
0,1093,83.576,87.38
0,1094,83.596,87.401
0,1095,83.613,87.42
0,1096,83.63,87.439
0,1097,83.65,87.46
0,1098,83.668,87.479
0,1099,83.688,87.5
0,1100,83.705,87.519
0,1101,83.725,87.54
0,1102,83.742,87.559
0,1103,83.759,87.578
0,1104,83.779,87.599
0,1105,83.796,87.618
0,1106,83.816,87.639
0,1107,83.833,87.658
0,1108,83.853,87.679
0,1109,83.87,87.697
0,1110,83.887,87.716
0,1111,83.907,87.737
0,1112,83.924,87.756
0,1113,83.944,87.777
0,1114,83.961,87.796
0,1115,83.981,87.816
0,1116,83.998,87.835
0,1117,84.015,87.854
0,1118,84.034,87.875
0,1119,84.051,87.894
0,1120,84.071,87.914
0,1121,84.088,87.933
0,1122,84.108,87.954
0,1123,84.125,87.973
0,1124,84.142,87.991
0,1125,84.162,88.012
0,1126,84.178,88.031
0,1127,84.198,88.051
0,1128,84.215,88.07
0,1129,84.235,88.091
0,1130,84.252,88.11
0,1131,84.271,88.13
0,1132,84.288,88.149
0,1133,84.305,88.167
0,1134,84.325,88.188
0,1135,84.341,88.207
0,1136,84.361,88.227
0,1137,84.378,88.246
0,1138,84.397,88.266
0,1139,84.414,88.285
0,1140,84.431,88.304
0,1141,84.451,88.324
0,1142,84.467,88.343
0,1143,84.487,88.363
0,1144,84.504,88.382
0,1145,84.523,88.402
0,1146,84.54,88.421
0,1147,84.559,88.441
0,1148,84.576,88.46
0,1149,84.596,88.48
0,1150,84.612,88.499
0,1151,84.629,88.517
0,1152,84.648,88.538
0,1153,84.665,88.556
0,1154,84.685,88.577
0,1155,84.701,88.595
0,1156,84.721,88.615
0,1157,84.737,88.634
0,1158,84.757,88.654
0,1159,84.773,88.673
0,1160,84.79,88.691
0,1161,84.809,88.711
0,1162,84.826,88.73
0,1163,84.845,88.75
0,1164,84.862,88.768
0,1165,84.881,88.789
0,1166,84.898,88.807
0,1167,84.917,88.827
0,1168,84.933,88.846
0,1169,84.953,88.866
0,1170,84.969,88.884
0,1171,84.986,88.903
0,1172,85.005,88.923
0,1173,85.021,88.941
0,1174,85.041,88.961
0,1175,85.057,88.979
0,1176,85.076,89
0,1177,85.093,89.018
0,1178,85.112,89.038
0,1179,85.128,89.056
0,1180,85.148,89.076
0,1181,85.164,89.095
0,1182,85.183,89.115
0,1183,85.2,89.133
0,1184,85.216,89.151
0,1185,85.235,89.171
0,1186,85.251,89.189
0,1187,85.271,89.209
0,1188,85.287,89.228
0,1189,85.306,89.248
0,1190,85.322,89.266
0,1191,85.341,89.286
0,1192,85.358,89.304
0,1193,85.377,89.324
0,1194,85.393,89.342
0,1195,85.412,89.362
0,1196,85.428,89.38
0,1197,85.445,89.398
0,1198,85.464,89.418
0,1199,85.48,89.436
0,1200,85.499,89.456
0,1201,85.515,89.474
0,1202,85.534,89.494
0,1203,85.55,89.512
0,1204,85.569,89.532
0,1205,85.586,89.55
0,1206,85.605,89.57
0,1207,85.621,89.588
0,1208,85.64,89.608
0,1209,85.656,89.626
0,1210,85.675,89.646
0,1211,85.691,89.664
0,1212,85.71,89.683
0,1213,85.726,89.701
0,1214,85.742,89.719
0,1215,85.761,89.739
0,1216,85.777,89.757
0,1217,85.796,89.777
0,1218,85.812,89.795
0,1219,85.831,89.814
0,1220,85.847,89.832
0,1221,85.866,89.852
0,1222,85.882,89.87
0,1223,85.901,89.89
0,1224,85.916,89.907
0,1225,85.935,89.927
0,1226,85.951,89.945
0,1227,85.97,89.965
0,1228,85.986,89.982
0,1229,86.005,90.002
0,1230,86.021,90.02
0,1231,86.04,90.04
0,1232,86.055,90.057
0,1233,86.074,90.077
0,1234,86.09,90.095
0,1235,86.109,90.114
0,1236,86.125,90.132
0,1237,86.141,90.15
0,1238,86.159,90.169
0,1239,86.175,90.187
0,1240,86.194,90.207
0,1241,86.21,90.224
0,1242,86.228,90.244
0,1243,86.244,90.262
0,1244,86.263,90.281
0,1245,86.279,90.299
0,1246,86.297,90.318
0,1247,86.313,90.336
0,1248,86.332,90.355
0,1249,86.347,90.373
0,1250,86.366,90.392
0,1251,86.382,90.41
0,1252,86.4,90.43
0,1253,86.416,90.447
0,1254,86.435,90.467
0,1255,86.45,90.484
0,1256,86.469,90.504
0,1257,86.485,90.521
0,1258,86.503,90.54
0,1259,86.519,90.558
0,1260,86.537,90.577
0,1261,86.553,90.595
0,1262,86.572,90.614
0,1263,86.587,90.632
0,1264,86.606,90.651
0,1265,86.621,90.669
0,1266,86.64,90.688
0,1267,86.655,90.705
0,1268,86.674,90.725
0,1269,86.689,90.742
0,1270,86.708,90.761
0,1271,86.723,90.779
0,1272,86.742,90.798
0,1273,86.757,90.815
0,1274,86.773,90.833
0,1275,86.791,90.852
0,1276,86.807,90.869
0,1277,86.825,90.889
0,1278,86.841,90.906
0,1279,86.859,90.925
0,1280,86.874,90.943
0,1281,86.893,90.962
0,1282,86.908,90.979
0,1283,86.927,90.998
0,1284,86.942,91.016
0,1285,86.96,91.035
0,1286,86.976,91.052
0,1287,86.994,91.071
0,1288,87.009,91.088
0,1289,87.028,91.108
0,1290,87.043,91.125
0,1291,87.061,91.144
0,1292,87.077,91.161
0,1293,87.095,91.18
0,1294,87.11,91.197
0,1295,87.129,91.217
0,1296,87.144,91.234
0,1297,87.162,91.253
0,1298,87.177,91.27
0,1299,87.196,91.289
0,1300,87.211,91.306
0,1301,87.229,91.325
0,1302,87.244,91.342
0,1303,87.262,91.361
0,1304,87.278,91.378
0,1305,87.296,91.397
0,1306,87.311,91.414
0,1307,87.329,91.433
0,1308,87.344,91.45
0,1309,87.363,91.469
0,1310,87.378,91.486
0,1311,87.396,91.505
0,1312,87.411,91.522
0,1313,87.429,91.541
0,1314,87.444,91.558
0,1315,87.462,91.577
0,1316,87.477,91.594
0,1317,87.496,91.613
0,1318,87.511,91.63
0,1319,87.529,91.649
0,1320,87.544,91.666
0,1321,87.562,91.685
0,1322,87.58,91.704
0,1323,87.595,91.721
0,1324,87.613,91.74
0,1325,87.628,91.757
0,1326,87.646,91.775
0,1327,87.661,91.792
0,1328,87.679,91.811
0,1329,87.694,91.828
0,1330,87.712,91.847
0,1331,87.727,91.864
0,1332,87.745,91.882
0,1333,87.76,91.899
0,1334,87.778,91.918
0,1335,87.793,91.935
0,1336,87.811,91.954
0,1337,87.826,91.97
0,1338,87.844,91.989
0,1339,87.858,92.006
0,1340,87.876,92.025
0,1341,87.891,92.041
0,1342,87.909,92.06
0,1343,87.924,92.077
0,1344,87.942,92.095
0,1345,87.957,92.112
0,1346,87.975,92.131
0,1347,87.989,92.148
0,1348,88.007,92.166
0,1349,88.022,92.183
0,1350,88.04,92.202
0,1351,88.055,92.218
0,1352,88.072,92.237
0,1353,88.087,92.253
0,1354,88.105,92.272
0,1355,88.12,92.289
0,1356,88.137,92.307
0,1357,88.152,92.324
0,1358,88.17,92.343
0,1359,88.185,92.359
0,1360,88.202,92.378
0,1361,88.217,92.394
0,1362,88.235,92.413
0,1363,88.253,92.431
0,1364,88.267,92.448
0,1365,88.285,92.466
0,1366,88.3,92.483
0,1367,88.317,92.501
0,1368,88.332,92.518
0,1369,88.35,92.536
0,1370,88.364,92.553
0,1371,88.382,92.571
0,1372,88.397,92.588
0,1373,88.414,92.606
0,1374,88.429,92.623
0,1375,88.446,92.641
0,1376,88.461,92.658
0,1377,88.479,92.676
0,1378,88.493,92.692
0,1379,88.511,92.711
0,1380,88.525,92.727
0,1381,88.543,92.746
0,1382,88.557,92.762
0,1383,88.575,92.78
0,1384,88.589,92.797
0,1385,88.607,92.815
0,1386,88.621,92.832
0,1387,88.639,92.85
0,1388,88.657,92.868
0,1389,88.671,92.885
0,1390,88.689,92.903
0,1391,88.703,92.919
0,1392,88.72,92.937
0,1393,88.735,92.954
0,1394,88.752,92.972
0,1395,88.767,92.988
0,1396,88.784,93.007
0,1397,88.799,93.023
0,1398,88.816,93.041
0,1399,88.831,93.057
0,1400,88.848,93.076
0,1401,88.862,93.092
0,1402,88.88,93.11
0,1403,88.894,93.126
0,1404,88.911,93.145
0,1405,88.926,93.161
0,1406,88.943,93.179
0,1407,88.961,93.197
0,1408,88.975,93.213
0,1409,88.992,93.232
0,1410,89.007,93.248
0,1411,89.024,93.266
0,1412,89.038,93.282
0,1413,89.055,93.3
0,1414,89.07,93.316
0,1415,89.087,93.334
0,1416,89.101,93.35
0,1417,89.119,93.369
0,1418,89.133,93.385
0,1419,89.15,93.403
0,1420,89.164,93.419
0,1421,89.182,93.437
0,1422,89.196,93.453
0,1423,89.213,93.471
0,1424,89.23,93.489
0,1425,89.245,93.505
0,1426,89.262,93.523
0,1427,89.276,93.539
0,1428,89.293,93.557
0,1429,89.307,93.573
0,1430,89.325,93.591
0,1431,89.339,93.607
0,1432,89.356,93.625
0,1433,89.37,93.641
0,1434,89.387,93.659
0,1435,89.401,93.675
0,1436,89.418,93.693
0,1437,89.436,93.711
0,1438,89.45,93.727
0,1439,89.467,93.745
0,1440,89.481,93.761
0,1441,89.498,93.779
0,1442,89.512,93.795
0,1443,89.529,93.813
0,1444,89.543,93.829
0,1445,89.56,93.847
0,1446,89.574,93.863
0,1447,89.591,93.88
0,1448,89.606,93.896
0,1449,89.623,93.914
0,1450,89.64,93.932
0,1451,89.654,93.948
0,1452,89.671,93.966
0,1453,89.685,93.982
0,1454,89.702,93.999
0,1455,89.716,94.015
0,1456,89.733,94.033
0,1457,89.747,94.049
0,1458,89.764,94.067
0,1459,89.778,94.083
0,1460,89.795,94.1
0,1461,89.809,94.116
0,1462,89.826,94.134
0,1463,89.843,94.152
0,1464,89.857,94.168
0,1465,89.873,94.185
0,1466,89.887,94.201
0,1467,89.904,94.219
0,1468,89.918,94.234
0,1469,89.935,94.252
0,1470,89.949,94.268
0,1471,89.966,94.286
0,1472,89.98,94.301
0,1473,89.997,94.319
0,1474,90.014,94.337
0,1475,90.027,94.353
0,1476,90.044,94.37
0,1477,90.058,94.386
0,1478,90.075,94.404
0,1479,90.089,94.419
0,1480,90.106,94.437
0,1481,90.119,94.453
0,1482,90.136,94.47
0,1483,90.15,94.486
0,1484,90.167,94.503
0,1485,90.184,94.521
0,1486,90.198,94.537
0,1487,90.214,94.554
0,1488,90.228,94.57
0,1489,90.245,94.588
0,1490,90.259,94.603
0,1491,90.275,94.621
0,1492,90.289,94.636
0,1493,90.306,94.654
0,1494,90.32,94.669
0,1495,90.336,94.687
0,1496,90.353,94.705
0,1497,90.367,94.72
0,1498,90.384,94.738
0,1499,90.397,94.753
0,1500,90.414,94.771
0,1501,90.428,94.786
0,1502,90.445,94.804
0,1503,90.458,94.819
0,1504,90.475,94.837
0,1505,90.492,94.854
0,1506,90.505,94.87
0,1507,90.522,94.887
0,1508,90.536,94.903
0,1509,90.552,94.92
0,1510,90.566,94.936
0,1511,90.583,94.953
0,1512,90.596,94.969
0,1513,90.613,94.986
0,1514,90.629,95.004
0,1515,90.643,95.019
0,1516,90.66,95.037
0,1517,90.673,95.052
0,1518,90.69,95.069
0,1519,90.703,95.085
0,1520,90.72,95.102
0,1521,90.734,95.117
0,1522,90.75,95.135
0,1523,90.767,95.152
0,1524,90.78,95.168
0,1525,90.797,95.185
0,1526,90.81,95.2
0,1527,90.827,95.218
0,1528,90.84,95.233
0,1529,90.857,95.251
0,1530,90.87,95.266
0,1531,90.887,95.283
0,1532,90.904,95.301
0,1533,90.917,95.316
0,1534,90.934,95.333
0,1535,90.947,95.349
0,1536,90.964,95.366
0,1537,90.977,95.381
0,1538,90.994,95.398
0,1539,91.01,95.416
0,1540,91.024,95.431
0,1541,91.04,95.448
0,1542,91.053,95.464
0,1543,91.07,95.481
0,1544,91.083,95.496
0,1545,91.1,95.513
0,1546,91.113,95.529
0,1547,91.13,95.546
0,1548,91.146,95.563
0,1549,91.159,95.578
0,1550,91.176,95.596
0,1551,91.189,95.611
0,1552,91.206,95.628
0,1553,91.219,95.643
0,1554,91.235,95.66
0,1555,91.252,95.678
0,1556,91.265,95.693
0,1557,91.282,95.71
0,1558,91.295,95.725
0,1559,91.311,95.742
0,1560,91.325,95.758
0,1561,91.341,95.775
0,1562,91.354,95.79
0,1563,91.371,95.807
0,1564,91.387,95.824
0,1565,91.4,95.839
0,1566,91.417,95.856
0,1567,91.43,95.872
0,1568,91.446,95.889
0,1569,91.459,95.904
0,1570,91.476,95.921
0,1571,91.492,95.938
0,1572,91.505,95.953
0,1573,91.522,95.97
0,1574,91.535,95.985
0,1575,91.551,96.002
0,1576,91.564,96.017
0,1577,91.581,96.035
0,1578,91.597,96.052
0,1579,91.61,96.067
0,1580,91.627,96.084
0,1581,91.64,96.099
0,1582,91.656,96.116
0,1583,91.669,96.131
0,1584,91.685,96.148
0,1585,91.702,96.165
0,1586,91.715,96.18
0,1587,91.731,96.197
0,1588,91.744,96.212
0,1589,91.76,96.229
0,1590,91.774,96.244
0,1591,91.79,96.261
0,1592,91.806,96.278
0,1593,91.819,96.293
0,1594,91.835,96.31
0,1595,91.848,96.325
0,1596,91.865,96.342
0,1597,91.878,96.357
0,1598,91.894,96.374
0,1599,91.91,96.391
0,1600,91.923,96.406
0,1601,91.939,96.423
0,1602,91.952,96.437
0,1603,91.969,96.454
0,1604,91.982,96.469
0,1605,91.998,96.486
0,1606,92.014,96.503
0,1607,92.027,96.518
0,1608,92.043,96.535
0,1609,92.056,96.55
0,1610,92.072,96.567
0,1611,92.085,96.582
0,1612,92.101,96.598
0,1613,92.117,96.615
0,1614,92.13,96.63
0,1615,92.146,96.647
0,1616,92.159,96.662
0,1617,92.176,96.679
0,1618,92.188,96.694
0,1619,92.205,96.71
0,1620,92.221,96.727
0,1621,92.234,96.742
0,1622,92.25,96.759
0,1623,92.263,96.774
0,1624,92.279,96.791
0,1625,92.295,96.807
0,1626,92.308,96.822
0,1627,92.324,96.839
0,1628,92.336,96.854
0,1629,92.352,96.87
0,1630,92.365,96.885
0,1631,92.381,96.902
0,1632,92.397,96.919
0,1633,92.41,96.934
0,1634,92.426,96.95
0,1635,92.439,96.965
0,1636,92.455,96.982
0,1637,92.468,96.996
0,1638,92.484,97.013
0,1639,92.5,97.03
0,1640,92.513,97.045
0,1641,92.529,97.061
0,1642,92.542,97.076
0,1643,92.557,97.093
0,1644,92.573,97.11
0,1645,92.586,97.124
0,1646,92.602,97.141
0,1647,92.615,97.155
0,1648,92.631,97.172
0,1649,92.644,97.187
0,1650,92.66,97.204
0,1651,92.675,97.22
0,1652,92.688,97.235
0,1653,92.704,97.252
0,1654,92.717,97.266
0,1655,92.733,97.283
0,1656,92.749,97.299
0,1657,92.761,97.314
0,1658,92.777,97.331
0,1659,92.79,97.345
0,1660,92.806,97.362
0,1661,92.819,97.376
0,1662,92.834,97.393
0,1663,92.85,97.41
0,1664,92.863,97.424
0,1665,92.879,97.441
0,1666,92.891,97.455
0,1667,92.907,97.472
0,1668,92.923,97.489
0,1669,92.936,97.503
0,1670,92.952,97.52
0,1671,92.964,97.534
0,1672,92.98,97.551
0,1673,92.993,97.565
0,1674,93.008,97.582
0,1675,93.024,97.598
0,1676,93.037,97.613
0,1677,93.053,97.629
0,1678,93.065,97.644
0,1679,93.081,97.66
0,1680,93.097,97.677
0,1681,93.109,97.691
0,1682,93.125,97.708
0,1683,93.138,97.722
0,1684,93.153,97.739
0,1685,93.169,97.755
0,1686,93.182,97.77
0,1687,93.197,97.786
0,1688,93.21,97.801
0,1689,93.226,97.817
0,1690,93.238,97.831
0,1691,93.254,97.848
0,1692,93.27,97.864
0,1693,93.282,97.879
0,1694,93.298,97.895
0,1695,93.31,97.909
0,1696,93.326,97.926
0,1697,93.342,97.942
0,1698,93.354,97.957
0,1699,93.37,97.973
0,1700,93.382,97.987
0,1701,93.398,98.004
0,1702,93.414,98.02
0,1703,93.426,98.035
0,1704,93.442,98.051
0,1705,93.454,98.065
0,1706,93.47,98.082
0,1707,93.482,98.096
0,1708,93.498,98.112
0,1709,93.513,98.129
0,1710,93.526,98.143
0,1711,93.541,98.159
0,1712,93.554,98.174
0,1713,93.569,98.19
0,1714,93.585,98.206
0,1715,93.597,98.221
0,1716,93.613,98.237
0,1717,93.625,98.251
0,1718,93.641,98.267
0,1719,93.656,98.284
0,1720,93.669,98.298
0,1721,93.684,98.314
0,1722,93.697,98.329
0,1723,93.712,98.345
0,1724,93.728,98.361
0,1725,93.74,98.375
0,1726,93.756,98.392
0,1727,93.768,98.406
0,1728,93.783,98.422
0,1729,93.796,98.436
0,1730,93.811,98.452
0,1731,93.827,98.469
0,1732,93.839,98.483
0,1733,93.855,98.499
0,1734,93.867,98.513
0,1735,93.882,98.529
0,1736,93.898,98.546
0,1737,93.91,98.56
0,1738,93.925,98.576
0,1739,93.938,98.59
0,1740,93.953,98.606
0,1741,93.969,98.622
0,1742,93.981,98.637
0,1743,93.996,98.653
0,1744,94.008,98.667
0,1745,94.024,98.683
0,1746,94.039,98.699
0,1747,94.051,98.713
0,1748,94.067,98.729
0,1749,94.079,98.743
0,1750,94.094,98.76
0,1751,94.11,98.776
0,1752,94.122,98.79
0,1753,94.137,98.806
0,1754,94.15,98.82
0,1755,94.165,98.836
0,1756,94.18,98.852
0,1757,94.192,98.866
0,1758,94.208,98.882
0,1759,94.22,98.896
0,1760,94.235,98.912
0,1761,94.247,98.926
0,1762,94.263,98.942
0,1763,94.278,98.959
0,1764,94.29,98.972
0,1765,94.305,98.989
0,1766,94.317,99.002
0,1767,94.333,99.019
0,1768,94.348,99.035
0,1769,94.36,99.048
0,1770,94.376,99.065
0,1771,94.388,99.078
0,1772,94.403,99.095
0,1773,94.418,99.111
0,1774,94.43,99.124
0,1775,94.445,99.141
0,1776,94.457,99.154
0,1777,94.473,99.17
0,1778,94.488,99.186
0,1779,94.5,99.2
0,1780,94.515,99.216
0,1781,94.527,99.23
0,1782,94.542,99.246
0,1783,94.558,99.262
0,1784,94.57,99.276
0,1785,94.585,99.292
0,1786,94.597,99.306
0,1787,94.612,99.322
0,1788,94.627,99.338
0,1789,94.639,99.351
0,1790,94.655,99.367
0,1791,94.666,99.381
0,1792,94.682,99.397
0,1793,94.697,99.413
0,1794,94.709,99.427
0,1795,94.724,99.443
0,1796,94.736,99.457
0,1797,94.751,99.473
0,1798,94.766,99.488
0,1799,94.778,99.502
0,1800,94.793,99.518
0,1801,94.805,99.532
0,1802,94.82,99.548
0,1803,94.835,99.564
0,1804,94.847,99.577
0,1805,94.862,99.593
0,1806,94.874,99.607
0,1807,94.889,99.623
0,1808,94.905,99.639
0,1809,94.916,99.652
0,1810,94.931,99.668
0,1811,94.943,99.682
0,1812,94.958,99.698
0,1813,94.973,99.714
0,1814,94.985,99.727
0,1815,95,99.743
0,1816,95.012,99.757
0,1817,95.027,99.773
0,1818,95.042,99.788
0,1819,95.054,99.802
0,1820,95.069,99.818
0,1821,95.081,99.831
0,1822,95.096,99.847
0,1823,95.111,99.863
0,1824,95.123,99.877
0,1825,95.138,99.892
0,1826,95.153,99.908
0,1827,95.165,99.922
0,1828,95.18,99.938
0,1829,95.191,99.951
0,1830,95.206,99.967
0,1831,95.221,99.983
0,1832,95.233,99.996
0,1833,95.248,100.012
0,1834,95.26,100.026
0,1835,95.275,100.041
0,1836,95.29,100.057
0,1837,95.302,100.071
0,1838,95.317,100.086
0,1839,95.328,100.1
0,1840,95.343,100.116
0,1841,95.358,100.131
0,1842,95.37,100.145
0,1843,95.385,100.16
0,1844,95.396,100.174
0,1845,95.411,100.19
0,1846,95.426,100.205
0,1847,95.438,100.219
0,1848,95.453,100.235
0,1849,95.464,100.248
0,1850,95.479,100.264
0,1851,95.494,100.279
0,1852,95.506,100.293
0,1853,95.521,100.308
0,1854,95.532,100.322
0,1855,95.547,100.338
0,1856,95.562,100.353
0,1857,95.282,100.055
0,1858,95.282,100.055
0,1859,95.282,100.055
0,1860,95.282,100.055
0,1861,95.282,100.055
0,1862,95.282,100.055
0,1863,95.282,100.055
0,1864,95.282,100.055
0,1865,95.282,100.055
0,1866,95.282,100.055
0,1867,95.282,100.055
0,1868,95.282,100.055
0,1869,95.282,100.055
0,1870,95.282,100.055
0,1871,95.282,100.055
0,1872,95.282,100.055
0,1873,95.282,100.055
0,1874,95.282,100.055
0,1875,95.282,100.055
0,1876,95.282,100.055
0,1877,95.282,100.055
0,1878,95.282,100.055
0,1879,95.282,100.055
0,1880,95.282,100.055
0,1881,95.282,100.055
0,1882,95.282,100.055
0,1883,95.282,100.055
0,1884,95.282,100.055
0,1885,95.282,100.055
0,1886,95.282,100.055
0,1887,95.282,100.055
0,1888,95.708,100.514
0,1889,95.708,100.514
0,1890,95.708,100.514
0,1891,95.708,100.514
0,1892,95.708,100.514
0,1893,95.708,100.514
0,1894,95.708,100.514
0,1895,95.708,100.514
0,1896,95.708,100.514
0,1897,95.708,100.514
0,1898,95.708,100.514
0,1899,95.708,100.514
0,1900,95.708,100.514
0,1901,95.708,100.514
0,1902,95.708,100.514
0,1903,95.708,100.514
0,1904,95.708,100.514
0,1905,95.708,100.514
0,1906,95.708,100.514
0,1907,95.708,100.514
0,1908,95.708,100.514
0,1909,95.708,100.514
0,1910,95.708,100.514
0,1911,95.708,100.514
0,1912,95.708,100.514
0,1913,95.708,100.514
0,1914,95.708,100.514
0,1915,95.708,100.514
0,1916,95.708,100.514
0,1917,95.708,100.514
0,1918,96.13,100.968
0,1919,96.13,100.968
0,1920,96.13,100.968
0,1921,96.13,100.968
0,1922,96.13,100.968
0,1923,96.13,100.968
0,1924,96.13,100.968
0,1925,96.13,100.968
0,1926,96.13,100.968
0,1927,96.13,100.968
0,1928,96.13,100.968
0,1929,96.13,100.968
0,1930,96.13,100.968
0,1931,96.13,100.968
0,1932,96.13,100.968
0,1933,96.13,100.968
0,1934,96.13,100.968
0,1935,96.13,100.968
0,1936,96.13,100.968
0,1937,96.13,100.968
0,1938,96.13,100.968
0,1939,96.13,100.968
0,1940,96.13,100.968
0,1941,96.13,100.968
0,1942,96.13,100.968
0,1943,96.13,100.968
0,1944,96.13,100.968
0,1945,96.13,100.968
0,1946,96.13,100.968
0,1947,96.13,100.968
0,1948,96.547,101.418
0,1949,96.547,101.418
0,1950,96.547,101.418
0,1951,96.547,101.418
0,1952,96.547,101.418
0,1953,96.547,101.418
0,1954,96.547,101.418
0,1955,96.547,101.418
0,1956,96.547,101.418
0,1957,96.547,101.418
0,1958,96.547,101.418
0,1959,96.547,101.418
0,1960,96.547,101.418
0,1961,96.547,101.418
0,1962,96.547,101.418
0,1963,96.547,101.418
0,1964,96.547,101.418
0,1965,96.547,101.418
0,1966,96.547,101.418
0,1967,96.547,101.418
0,1968,96.547,101.418
0,1969,96.547,101.418
0,1970,96.547,101.418
0,1971,96.547,101.418
0,1972,96.547,101.418
0,1973,96.547,101.418
0,1974,96.547,101.418
0,1975,96.547,101.418
0,1976,96.547,101.418
0,1977,96.547,101.418
0,1978,96.547,101.418
0,1979,96.963,101.865
0,1980,96.963,101.865
0,1981,96.963,101.865
0,1982,96.963,101.865
0,1983,96.963,101.865
0,1984,96.963,101.865
0,1985,96.963,101.865
0,1986,96.963,101.865
0,1987,96.963,101.865
0,1988,96.963,101.865
0,1989,96.963,101.865
0,1990,96.963,101.865
0,1991,96.963,101.865
0,1992,96.963,101.865
0,1993,96.963,101.865
0,1994,96.963,101.865
0,1995,96.963,101.865
0,1996,96.963,101.865
0,1997,96.963,101.865
0,1998,96.963,101.865
0,1999,96.963,101.865
0,2000,96.963,101.865
0,2001,96.963,101.865
0,2002,96.963,101.865
0,2003,96.963,101.865
0,2004,96.963,101.865
0,2005,96.963,101.865
0,2006,96.963,101.865
0,2007,96.963,101.865
0,2008,96.963,101.865
0,2009,97.372,102.306
0,2010,97.372,102.306
0,2011,97.372,102.306
0,2012,97.372,102.306
0,2013,97.372,102.306
0,2014,97.372,102.306
0,2015,97.372,102.306
0,2016,97.372,102.306
0,2017,97.372,102.306
0,2018,97.372,102.306
0,2019,97.372,102.306
0,2020,97.372,102.306
0,2021,97.372,102.306
0,2022,97.372,102.306
0,2023,97.372,102.306
0,2024,97.372,102.306
0,2025,97.372,102.306
0,2026,97.372,102.306
0,2027,97.372,102.306
0,2028,97.372,102.306
0,2029,97.372,102.306
0,2030,97.372,102.306
0,2031,97.372,102.306
0,2032,97.372,102.306
0,2033,97.372,102.306
0,2034,97.372,102.306
0,2035,97.372,102.306
0,2036,97.372,102.306
0,2037,97.372,102.306
0,2038,97.372,102.306
0,2039,97.372,102.306
0,2040,97.78,102.745
0,2041,97.78,102.745
0,2042,97.78,102.745
0,2043,97.78,102.745
0,2044,97.78,102.745
0,2045,97.78,102.745
0,2046,97.78,102.745
0,2047,97.78,102.745
0,2048,97.78,102.745
0,2049,97.78,102.745
0,2050,97.78,102.745
0,2051,97.78,102.745
0,2052,97.78,102.745
0,2053,97.78,102.745
0,2054,97.78,102.745
0,2055,97.78,102.745
0,2056,97.78,102.745
0,2057,97.78,102.745
0,2058,97.78,102.745
0,2059,97.78,102.745
0,2060,97.78,102.745
0,2061,97.78,102.745
0,2062,97.78,102.745
0,2063,97.78,102.745
0,2064,97.78,102.745
0,2065,97.78,102.745
0,2066,97.78,102.745
0,2067,97.78,102.745
0,2068,97.78,102.745
0,2069,97.78,102.745
0,2070,98.184,103.181
0,2071,98.184,103.181
0,2072,98.184,103.181
0,2073,98.184,103.181
0,2074,98.184,103.181
0,2075,98.184,103.181
0,2076,98.184,103.181
0,2077,98.184,103.181
0,2078,98.184,103.181
0,2079,98.184,103.181
0,2080,98.184,103.181
0,2081,98.184,103.181
0,2082,98.184,103.181
0,2083,98.184,103.181
0,2084,98.184,103.181
0,2085,98.184,103.181
0,2086,98.184,103.181
0,2087,98.184,103.181
0,2088,98.184,103.181
0,2089,98.184,103.181
0,2090,98.184,103.181
0,2091,98.184,103.181
0,2092,98.184,103.181
0,2093,98.184,103.181
0,2094,98.184,103.181
0,2095,98.184,103.181
0,2096,98.184,103.181
0,2097,98.184,103.181
0,2098,98.184,103.181
0,2099,98.184,103.181
0,2100,98.184,103.181
0,2101,98.585,103.612
0,2102,98.585,103.612
0,2103,98.585,103.612
0,2104,98.585,103.612
0,2105,98.585,103.612
0,2106,98.585,103.612
0,2107,98.585,103.612
0,2108,98.585,103.612
0,2109,98.585,103.612
0,2110,98.585,103.612
0,2111,98.585,103.612
0,2112,98.585,103.612
0,2113,98.585,103.612
0,2114,98.585,103.612
0,2115,98.585,103.612
0,2116,98.585,103.612
0,2117,98.585,103.612
0,2118,98.585,103.612
0,2119,98.585,103.612
0,2120,98.585,103.612
0,2121,98.585,103.612
0,2122,98.585,103.612
0,2123,98.585,103.612
0,2124,98.585,103.612
0,2125,98.585,103.612
0,2126,98.585,103.612
0,2127,98.585,103.612
0,2128,98.585,103.612
0,2129,98.585,103.612
0,2130,98.585,103.612
0,2131,98.982,104.04
0,2132,98.982,104.04
0,2133,98.982,104.04
0,2134,98.982,104.04
0,2135,98.982,104.04
0,2136,98.982,104.04
0,2137,98.982,104.04
0,2138,98.982,104.04
0,2139,98.982,104.04
0,2140,98.982,104.04
0,2141,98.982,104.04
0,2142,98.982,104.04
0,2143,98.982,104.04
0,2144,98.982,104.04
0,2145,98.982,104.04
0,2146,98.982,104.04
0,2147,98.982,104.04
0,2148,98.982,104.04
0,2149,98.982,104.04
0,2150,98.982,104.04
0,2151,98.982,104.04
0,2152,98.982,104.04
0,2153,98.982,104.04
0,2154,98.982,104.04
0,2155,98.982,104.04
0,2156,98.982,104.04
0,2157,98.982,104.04
0,2158,98.982,104.04
0,2159,98.982,104.04
0,2160,98.982,104.04
0,2161,98.982,104.04
0,2162,99.375,104.464
0,2163,99.375,104.464
0,2164,99.375,104.464
0,2165,99.375,104.464
0,2166,99.375,104.464
0,2167,99.375,104.464
0,2168,99.375,104.464
0,2169,99.375,104.464
0,2170,99.375,104.464
0,2171,99.375,104.464
0,2172,99.375,104.464
0,2173,99.375,104.464
0,2174,99.375,104.464
0,2175,99.375,104.464
0,2176,99.375,104.464
0,2177,99.375,104.464
0,2178,99.375,104.464
0,2179,99.375,104.464
0,2180,99.375,104.464
0,2181,99.375,104.464
0,2182,99.375,104.464
0,2183,99.375,104.464
0,2184,99.375,104.464
0,2185,99.375,104.464
0,2186,99.375,104.464
0,2187,99.375,104.464
0,2188,99.375,104.464
0,2189,99.375,104.464
0,2190,99.375,104.464
0,2191,99.375,104.464
0,2192,99.766,104.885
0,2193,99.766,104.885
0,2194,99.766,104.885
0,2195,99.766,104.885
0,2196,99.766,104.885
0,2197,99.766,104.885
0,2198,99.766,104.885
0,2199,99.766,104.885
0,2200,99.766,104.885
0,2201,99.766,104.885
0,2202,99.766,104.885
0,2203,99.766,104.885
0,2204,99.766,104.885
0,2205,99.766,104.885
0,2206,99.766,104.885
0,2207,99.766,104.885
0,2208,99.766,104.885
0,2209,99.766,104.885
0,2210,99.766,104.885
0,2211,99.766,104.885
0,2212,99.766,104.885
0,2213,99.766,104.885
0,2214,99.766,104.885
0,2215,99.766,104.885
0,2216,99.766,104.885
0,2217,99.766,104.885
0,2218,99.766,104.885
0,2219,99.766,104.885
0,2220,99.766,104.885
0,2221,99.766,104.885
0,2222,99.766,104.885
1,0,44.205,46.098
1,1,44.376,46.271
1,2,44.547,46.443
1,3,44.719,46.617
1,4,44.89,46.789
1,5,45.062,46.962
1,6,45.233,47.135
1,7,45.406,47.309
1,8,45.578,47.482
1,9,45.749,47.655
1,10,45.921,47.828
1,11,46.095,48.003
1,12,46.267,48.176
1,13,46.439,48.349
1,14,46.611,48.523
1,15,46.757,48.671
1,16,46.901,48.817
1,17,47.044,48.963
1,18,47.187,49.107
1,19,47.329,49.251
1,20,47.47,49.395
1,21,47.61,49.537
1,22,47.749,49.678
1,23,47.888,49.819
1,24,48.024,49.957
1,25,48.161,50.096
1,26,48.295,50.233
1,27,48.43,50.37
1,28,48.563,50.505
1,29,48.695,50.639
1,30,48.828,50.773
1,31,48.958,50.906
1,32,49.088,51.037
1,33,49.216,51.168
1,34,49.344,51.297
1,35,49.471,51.426
1,36,49.596,51.554
1,37,49.721,51.681
1,38,49.844,51.805
1,39,49.967,51.93
1,40,50.089,52.054
1,41,50.209,52.176
1,42,50.329,52.298
1,43,50.449,52.419
1,44,50.566,52.539
1,45,50.682,52.657
1,46,50.8,52.775
1,47,50.914,52.892
1,48,51.028,53.007
1,49,51.143,53.123
1,50,51.255,53.237
1,51,51.366,53.35
1,52,51.477,53.463
1,53,51.586,53.574
1,54,51.696,53.685
1,55,51.804,53.795
1,56,51.911,53.904
1,57,52.018,54.012
1,58,52.124,54.12
1,59,52.228,54.226
1,60,52.333,54.332
1,61,52.437,54.438
1,62,52.539,54.542
1,63,52.643,54.646
1,64,52.746,54.75
1,65,52.846,54.853
1,66,52.948,54.956
1,67,53.047,55.057
1,68,53.148,55.159
1,69,53.246,55.259
1,70,53.344,55.358
1,71,53.443,55.458
1,72,53.54,55.557
1,73,53.636,55.654
1,74,53.731,55.752
1,75,53.828,55.849
1,76,53.922,55.945
1,77,54.016,56.041
1,78,54.109,56.135
1,79,54.202,56.23
1,80,54.294,56.323
1,81,54.386,56.416
1,82,54.477,56.509
1,83,54.568,56.601
1,84,54.658,56.692
1,85,54.747,56.783
1,86,54.836,56.873
1,87,54.923,56.961
1,88,55.011,57.05
1,89,55.098,57.139
1,90,55.185,57.227
1,91,55.269,57.313
1,92,55.355,57.4
1,93,55.44,57.486
1,94,55.523,57.571
1,95,55.607,57.656
1,96,55.689,57.74
1,97,55.772,57.824
1,98,55.853,57.906
1,99,55.935,57.99
1,100,56.015,58.071
1,101,56.097,58.153
1,102,56.175,58.234
1,103,56.256,58.315
1,104,56.333,58.394
1,105,56.411,58.473
1,106,56.49,58.552
1,107,56.566,58.63
1,108,56.642,58.707
1,109,56.719,58.786
1,110,56.794,58.862
1,111,56.869,58.938
1,112,56.943,59.013
1,113,57.016,59.088
1,114,57.091,59.163
1,115,57.164,59.237
1,116,57.236,59.311
1,117,57.308,59.384
1,118,57.379,59.456
1,119,57.45,59.528
1,120,57.521,59.6
1,121,57.591,59.671
1,122,57.66,59.741
1,123,57.729,59.812
1,124,57.798,59.881
1,125,57.866,59.951
1,126,57.934,60.019
1,127,58.001,60.088
1,128,58.068,60.156
1,129,58.135,60.224
1,130,58.201,60.291
1,131,58.267,60.358
1,132,58.331,60.423
1,133,58.396,60.489
1,134,58.461,60.554
1,135,58.525,60.62
1,136,58.589,60.685
1,137,58.651,60.748
1,138,58.714,60.812
1,139,58.777,60.876
1,140,58.84,60.939
1,141,58.9,61.001
1,142,58.962,61.064
1,143,59.024,61.126
1,144,59.083,61.187
1,145,59.144,61.249
1,146,59.203,61.309
1,147,59.264,61.37
1,148,59.324,61.431
1,149,59.382,61.49
1,150,59.441,61.551
1,151,59.499,61.609
1,152,59.558,61.669
1,153,59.614,61.727
1,154,59.673,61.786
1,155,59.729,61.843
1,156,59.787,61.902
1,157,59.843,61.959
1,158,59.898,62.015
1,159,59.955,62.073
1,160,60.01,62.129
1,161,60.067,62.186
1,162,60.121,62.242
1,163,60.175,62.297
1,164,60.231,62.354
1,165,60.285,62.408
1,166,60.338,62.463
1,167,60.393,62.519
1,168,60.446,62.573
1,169,60.499,62.626
1,170,60.551,62.68
1,171,60.604,62.734
1,172,60.658,62.788
1,173,60.71,62.841
1,174,60.762,62.894
1,175,60.813,62.947
1,176,60.864,62.999
1,177,60.918,63.052
1,178,60.969,63.104
1,179,61.019,63.156
1,180,61.07,63.208
1,181,61.12,63.259
1,182,61.171,63.311
1,183,61.221,63.362
1,184,61.271,63.413
1,185,61.32,63.463
1,186,61.37,63.514
1,187,61.419,63.564
1,188,61.469,63.615
1,189,61.518,63.665
1,190,61.567,63.715
1,191,61.616,63.764
1,192,61.664,63.814
1,193,61.713,63.864
1,194,61.761,63.913
1,195,61.81,63.962
1,196,61.858,64.011
1,197,61.904,64.059
1,198,61.951,64.107
1,199,61.999,64.156
1,200,62.047,64.204
1,201,62.094,64.253
1,202,62.141,64.301
1,203,62.187,64.348
1,204,62.234,64.396
1,205,62.281,64.444
1,206,62.328,64.491
1,207,62.372,64.537
1,208,62.419,64.585
1,209,62.465,64.632
1,210,62.512,64.68
1,211,62.556,64.725
1,212,62.602,64.773
1,213,62.649,64.82
1,214,62.692,64.865
1,215,62.738,64.912
1,216,62.784,64.958
1,217,62.828,65.004
1,218,62.874,65.05
1,219,62.917,65.095
1,220,62.963,65.141
1,221,63.008,65.188
1,222,63.051,65.232
1,223,63.096,65.278
1,224,63.139,65.323
1,225,63.185,65.369
1,226,63.227,65.413
1,227,63.272,65.459
1,228,63.315,65.503
1,229,63.36,65.548
1,230,63.402,65.593
1,231,63.447,65.638
1,232,63.489,65.682
1,233,63.534,65.727
1,234,63.576,65.771
1,235,63.62,65.816
1,236,63.662,65.859
1,237,63.707,65.904
1,238,63.749,65.948
1,239,63.791,65.991
1,240,63.835,66.036
1,241,63.876,66.079
1,242,63.918,66.122
1,243,63.962,66.167
1,244,64.004,66.21
1,245,64.047,66.254
1,246,64.089,66.297
1,247,64.13,66.34
1,248,64.174,66.384
1,249,64.215,66.427
1,250,64.257,66.47
1,251,64.298,66.513
1,252,64.341,66.557
1,253,64.382,66.599
1,254,64.423,66.642
1,255,64.464,66.684
1,256,64.507,66.728
1,257,64.548,66.77
1,258,64.589,66.812
1,259,64.63,66.855
1,260,64.673,66.898
1,261,64.713,66.94
1,262,64.754,66.982
1,263,64.795,67.024
1,264,64.835,67.066
1,265,64.878,67.109
1,266,64.918,67.151
1,267,64.958,67.193
1,268,64.999,67.234
1,269,65.039,67.276
1,270,65.079,67.318
1,271,65.119,67.359
1,272,65.159,67.401
1,273,65.201,67.443
1,274,65.241,67.485
1,275,65.281,67.526
1,276,65.321,67.567
1,277,65.361,67.608
1,278,65.401,67.65
1,279,65.44,67.691
1,280,65.48,67.732
1,281,65.52,67.772
1,282,65.559,67.813
1,283,65.599,67.854
1,284,65.638,67.895
1,285,65.677,67.936
1,286,65.717,67.976
1,287,65.756,68.017
1,288,65.795,68.057
1,289,65.834,68.098
1,290,65.873,68.138
1,291,65.912,68.179
1,292,65.951,68.219
1,293,65.99,68.259
1,294,66.029,68.299
1,295,66.068,68.339
1,296,66.106,68.38
1,297,66.145,68.42
1,298,66.184,68.459
1,299,66.22,68.498
1,300,66.259,68.538
1,301,66.297,68.577
1,302,66.335,68.617
1,303,66.374,68.657
1,304,66.412,68.696
1,305,66.45,68.736
1,306,66.489,68.776
1,307,66.524,68.814
1,308,66.563,68.853
1,309,66.601,68.892
1,310,66.639,68.932
1,311,66.676,68.971
1,312,66.714,69.01
1,313,66.75,69.048
1,314,66.788,69.087
1,315,66.825,69.126
1,316,66.863,69.165
1,317,66.901,69.203
1,318,66.936,69.241
1,319,66.973,69.28
1,320,67.011,69.318
1,321,67.048,69.357
1,322,67.083,69.394
1,323,67.121,69.433
1,324,67.158,69.471
1,325,67.195,69.51
1,326,67.23,69.547
1,327,67.267,69.585
1,328,67.304,69.623
1,329,67.339,69.66
1,330,67.376,69.698
1,331,67.413,69.737
1,332,67.45,69.775
1,333,67.484,69.811
1,334,67.521,69.849
1,335,67.558,69.887
1,336,67.592,69.924
1,337,67.629,69.962
1,338,67.665,69.999
1,339,67.7,70.036
1,340,67.736,70.073
1,341,67.772,70.111
1,342,67.807,70.147
1,343,67.843,70.185
1,344,67.879,70.222
1,345,67.913,70.258
1,346,67.949,70.296
1,347,67.983,70.332
1,348,68.019,70.369
1,349,68.055,70.406
1,350,68.089,70.442
1,351,68.125,70.479
1,352,68.159,70.515
1,353,68.195,70.552
1,354,68.231,70.589
1,355,68.264,70.625
1,356,68.3,70.662
1,357,68.334,70.697
1,358,68.369,70.734
1,359,68.403,70.77
1,360,68.438,70.807
1,361,68.472,70.842
1,362,68.507,70.879
1,363,68.543,70.915
1,364,68.576,70.95
1,365,68.611,70.987
1,366,68.644,71.022
1,367,68.68,71.059
1,368,68.713,71.094
1,369,68.748,71.13
1,370,68.781,71.165
1,371,68.816,71.202
1,372,68.849,71.237
1,373,68.884,71.273
1,374,68.917,71.308
1,375,68.952,71.344
1,376,68.985,71.379
1,377,69.02,71.415
1,378,69.052,71.449
1,379,69.087,71.486
1,380,69.12,71.52
1,381,69.152,71.555
1,382,69.187,71.591
1,383,69.219,71.625
1,384,69.254,71.661
1,385,69.287,71.695
1,386,69.321,71.731
1,387,69.353,71.765
1,388,69.388,71.801
1,389,69.42,71.835
1,390,69.452,71.869
1,391,69.487,71.905
1,392,69.519,71.939
1,393,69.553,71.974
1,394,69.585,72.008
1,395,69.617,72.042
1,396,69.651,72.078
1,397,69.683,72.112
1,398,69.717,72.147
1,399,69.749,72.181
1,400,69.781,72.214
1,401,69.815,72.249
1,402,69.847,72.283
1,403,69.878,72.317
1,404,69.912,72.352
1,405,69.944,72.385
1,406,69.977,72.42
1,407,70.009,72.454
1,408,70.04,72.487
1,409,70.074,72.522
1,410,70.105,72.555
1,411,70.137,72.589
1,412,70.17,72.623
1,413,70.202,72.657
1,414,70.233,72.69
1,415,70.266,72.724
1,416,70.297,72.758
1,417,70.329,72.791
1,418,70.362,72.825
1,419,70.393,72.858
1,420,70.424,72.891
1,421,70.457,72.925
1,422,70.488,72.958
1,423,70.519,72.991
1,424,70.552,73.025
1,425,70.583,73.058
1,426,70.614,73.091
1,427,70.644,73.124
1,428,70.677,73.158
1,429,70.708,73.19
1,430,70.739,73.223
1,431,70.772,73.257
1,432,70.802,73.289
1,433,70.833,73.322
1,434,70.863,73.354
1,435,70.896,73.388
1,436,70.926,73.421
1,437,70.957,73.453
1,438,70.987,73.485
1,439,71.02,73.519
1,440,71.05,73.551
1,441,71.08,73.583
1,442,71.11,73.615
1,443,71.143,73.649
1,444,71.173,73.681
1,445,71.203,73.713
1,446,71.233,73.745
1,447,71.266,73.779
1,448,71.296,73.811
1,449,71.326,73.843
1,450,71.356,73.874
1,451,71.388,73.908
1,452,71.418,73.94
1,453,71.447,73.971
1,454,71.477,74.003
1,455,71.507,74.035
1,456,71.539,74.068
1,457,71.569,74.1
1,458,71.599,74.131
1,459,71.628,74.163
1,460,71.658,74.194
1,461,71.69,74.228
1,462,71.719,74.259
1,463,71.749,74.291
1,464,71.778,74.322
1,465,71.808,74.353
1,466,71.84,74.386
1,467,71.869,74.418
1,468,71.899,74.449
1,469,71.928,74.48
1,470,71.957,74.511
1,471,71.986,74.543
1,472,72.018,74.575
1,473,72.047,74.606
1,474,72.077,74.638
1,475,72.106,74.669
1,476,72.135,74.7
1,477,72.164,74.731
1,478,72.195,74.763
1,479,72.224,74.794
1,480,72.253,74.825
1,481,72.282,74.856
1,482,72.311,74.887
1,483,72.34,74.918
1,484,72.369,74.949
1,485,72.4,74.981
1,486,72.429,75.012
1,487,72.458,75.042
1,488,72.487,75.073
1,489,72.516,75.104
1,490,72.544,75.134
1,491,72.573,75.165
1,492,72.604,75.197
1,493,72.633,75.228
1,494,72.661,75.258
1,495,72.69,75.289
1,496,72.719,75.319
1,497,72.747,75.35
1,498,72.776,75.38
1,499,72.804,75.411
1,500,72.832,75.441
1,501,72.863,75.473
1,502,72.892,75.503
1,503,72.92,75.533
1,504,72.948,75.564
1,505,72.977,75.594
1,506,73.005,75.624
1,507,73.033,75.654
1,508,73.061,75.684
1,509,73.089,75.714
1,510,73.118,75.744
1,511,73.146,75.774
1,512,73.174,75.804
1,513,73.204,75.836
1,514,73.232,75.866
1,515,73.26,75.896
1,516,73.288,75.926
1,517,73.316,75.955
1,518,73.344,75.985
1,519,73.372,76.015
1,520,73.4,76.045
1,521,73.428,76.075
1,522,73.455,76.104
1,523,73.483,76.134
1,524,73.511,76.164
1,525,73.539,76.193
1,526,73.566,76.223
1,527,73.594,76.252
1,528,73.622,76.282
1,529,73.649,76.311
1,530,73.679,76.342
1,531,73.707,76.372
1,532,73.734,76.401
1,533,73.762,76.431
1,534,73.789,76.46
1,535,73.817,76.489
1,536,73.844,76.519
1,537,73.871,76.548
1,538,73.899,76.577
1,539,73.926,76.606
1,540,73.953,76.636
1,541,73.981,76.665
1,542,74.008,76.694
1,543,74.035,76.723
1,544,74.062,76.752
1,545,74.089,76.781
1,546,74.116,76.81
1,547,74.144,76.839
1,548,74.171,76.868
1,549,74.198,76.897
1,550,74.225,76.926
1,551,74.252,76.955
1,552,74.279,76.984
1,553,74.305,77.012
1,554,74.332,77.041
1,555,74.359,77.07
1,556,74.386,77.099
1,557,74.413,77.127
1,558,74.44,77.156
1,559,74.466,77.185
1,560,74.493,77.213
1,561,74.52,77.242
1,562,74.546,77.27
1,563,74.573,77.299
1,564,74.6,77.327
1,565,74.626,77.356
1,566,74.653,77.384
1,567,74.679,77.413
1,568,74.706,77.441
1,569,74.732,77.47
1,570,74.759,77.498
1,571,74.785,77.526
1,572,74.812,77.554
1,573,74.838,77.583
1,574,74.864,77.611
1,575,74.891,77.639
1,576,74.914,77.666
1,577,74.941,77.694
1,578,74.967,77.722
1,579,74.993,77.75
1,580,75.019,77.778
1,581,75.045,77.806
1,582,75.072,77.834
1,583,75.098,77.862
1,584,75.124,77.89
1,585,75.15,77.918
1,586,75.176,77.946
1,587,75.202,77.974
1,588,75.228,78.002
1,589,75.254,78.029
1,590,75.28,78.057
1,591,75.305,78.085
1,592,75.331,78.113
1,593,75.357,78.14
1,594,75.383,78.168
1,595,75.409,78.196
1,596,75.432,78.222
1,597,75.458,78.249
1,598,75.483,78.277
1,599,75.509,78.305
1,600,75.535,78.332
1,601,75.56,78.36
1,602,75.586,78.387
1,603,75.612,78.415
1,604,75.637,78.442
1,605,75.663,78.47
1,606,75.688,78.497
1,607,75.714,78.524
1,608,75.739,78.552
1,609,75.765,78.579
1,610,75.788,78.605
1,611,75.813,78.632
1,612,75.839,78.659
1,613,75.864,78.686
1,614,75.889,78.714
1,615,75.914,78.741
1,616,75.94,78.768
1,617,75.965,78.795
1,618,75.99,78.822
1,619,76.016,78.849
1,620,76.041,78.876
1,621,76.063,78.902
1,622,76.088,78.929
1,623,76.114,78.956
1,624,76.139,78.983
1,625,76.164,79.01
1,626,76.189,79.037
1,627,76.214,79.064
1,628,76.239,79.09
1,629,76.264,79.117
1,630,76.289,79.144
1,631,76.311,79.169
1,632,76.336,79.196
1,633,76.361,79.223
1,634,76.386,79.25
1,635,76.411,79.276
1,636,76.435,79.303
1,637,76.46,79.33
1,638,76.485,79.356
1,639,76.51,79.383
1,640,76.532,79.408
1,641,76.557,79.434
1,642,76.581,79.461
1,643,76.606,79.487
1,644,76.63,79.514
1,645,76.655,79.54
1,646,76.68,79.567
1,647,76.704,79.593
1,648,76.729,79.62
1,649,76.751,79.644
1,650,76.775,79.671
1,651,76.8,79.697
1,652,76.824,79.723
1,653,76.849,79.75
1,654,76.873,79.776
1,655,76.897,79.802
1,656,76.922,79.828
1,657,76.943,79.853
1,658,76.968,79.879
1,659,76.992,79.905
1,660,77.016,79.931
1,661,77.04,79.957
1,662,77.065,79.983
1,663,77.089,80.01
1,664,77.11,80.034
1,665,77.135,80.06
1,666,77.159,80.086
1,667,77.183,80.112
1,668,77.207,80.138
1,669,77.231,80.164
1,670,77.255,80.19
1,671,77.279,80.216
1,672,77.3,80.24
1,673,77.324,80.266
1,674,77.348,80.291
1,675,77.372,80.317
1,676,77.396,80.343
1,677,77.42,80.369
1,678,77.444,80.395
1,679,77.465,80.418
1,680,77.489,80.444
1,681,77.513,80.47
1,682,77.537,80.496
1,683,77.561,80.521
1,684,77.584,80.547
1,685,77.608,80.572
1,686,77.629,80.596
1,687,77.653,80.622
1,688,77.677,80.647
1,689,77.7,80.673
1,690,77.724,80.698
1,691,77.747,80.724
1,692,77.771,80.749
1,693,77.792,80.773
1,694,77.816,80.799
1,695,77.839,80.824
1,696,77.863,80.849
1,697,77.886,80.875
1,698,77.91,80.9
1,699,77.933,80.925
1,700,77.954,80.949
1,701,77.977,80.974
1,702,78.001,81
1,703,78.024,81.025
1,704,78.048,81.05
1,705,78.071,81.075
1,706,78.094,81.101
1,707,78.115,81.124
1,708,78.138,81.149
1,709,78.162,81.174
1,710,78.185,81.199
1,711,78.208,81.225
1,712,78.231,81.25
1,713,78.254,81.275
1,714,78.275,81.298
1,715,78.298,81.323
1,716,78.321,81.348
1,717,78.344,81.373
1,718,78.368,81.398
1,719,78.391,81.423
1,720,78.414,81.448
1,721,78.434,81.471
1,722,78.457,81.496
1,723,78.48,81.521
1,724,78.503,81.546
1,725,78.526,81.57
1,726,78.549,81.595
1,727,78.572,81.62
1,728,78.592,81.643
1,729,78.615,81.668
1,730,78.638,81.693
1,731,77.961,81.017
1,732,77.984,81.042
1,733,78.006,81.067
1,734,78.029,81.091
1,735,78.049,81.114
1,736,78.072,81.139
1,737,78.095,81.163
1,738,78.117,81.188
1,739,78.14,81.212
1,740,78.163,81.237
1,741,78.185,81.261
1,742,78.205,81.284
1,743,78.228,81.309
1,744,78.251,81.333
1,745,78.273,81.358
1,746,78.296,81.382
1,747,78.318,81.406
1,748,78.341,81.431
1,749,78.363,81.455
1,750,78.383,81.478
1,751,78.405,81.502
1,752,78.428,81.526
1,753,78.45,81.55
1,754,78.472,81.575
1,755,78.495,81.599
1,756,78.517,81.623
1,757,78.537,81.645
1,758,78.559,81.669
1,759,78.581,81.693
1,760,78.603,81.718
1,761,78.626,81.742
1,762,78.648,81.766
1,763,78.67,81.79
1,764,78.692,81.814
1,765,78.712,81.836
1,766,78.734,81.86
1,767,78.756,81.884
1,768,78.778,81.908
1,769,78.8,81.932
1,770,78.822,81.955
1,771,78.844,81.979
1,772,78.863,82.001
1,773,78.885,82.025
1,774,78.907,82.049
1,775,78.929,82.073
1,776,78.951,82.096
1,777,78.972,82.12
1,778,78.994,82.144
1,779,79.016,82.167
1,780,79.035,82.189
1,781,79.057,82.213
1,782,79.079,82.236
1,783,79.1,82.26
1,784,79.122,82.283
1,785,79.144,82.307
1,786,79.165,82.33
1,787,79.187,82.354
1,788,79.208,82.377
1,789,79.227,82.399
1,790,79.249,82.422
1,791,79.27,82.446
1,792,79.292,82.469
1,793,79.313,82.492
1,794,79.335,82.516
1,795,79.356,82.539
1,796,79.377,82.562
1,797,79.399,82.585
1,798,79.418,82.607
1,799,79.439,82.63
1,800,79.46,82.653
1,801,79.482,82.676
1,802,79.503,82.699
1,803,79.524,82.723
1,804,79.545,82.746
1,805,79.566,82.769
1,806,79.588,82.792
1,807,79.609,82.815
1,808,79.627,82.836
1,809,79.648,82.859
1,810,79.67,82.882
1,811,79.691,82.905
1,812,79.712,82.928
1,813,79.733,82.951
1,814,79.754,82.973
1,815,79.775,82.996
1,816,79.796,83.019
1,817,79.817,83.042
1,818,79.838,83.065
1,819,79.856,83.086
1,820,79.877,83.108
1,821,79.897,83.131
1,822,79.918,83.154
1,823,79.939,83.176
1,824,79.96,83.199
1,825,79.981,83.222
1,826,80.001,83.244
1,827,80.022,83.267
1,828,80.043,83.289
1,829,80.064,83.312
1,830,80.084,83.334
1,831,80.102,83.355
1,832,80.123,83.378
1,833,80.143,83.4
1,834,80.164,83.422
1,835,80.185,83.445
1,836,80.205,83.467
1,837,80.226,83.49
1,838,80.246,83.512
1,839,80.267,83.534
1,840,80.287,83.557
1,841,80.307,83.579
1,842,80.328,83.601
1,843,80.348,83.623
1,844,80.369,83.646
1,845,80.389,83.668
1,846,80.406,83.688
1,847,80.427,83.71
1,848,80.447,83.732
1,849,80.467,83.754
1,850,80.487,83.776
1,851,80.508,83.798
1,852,80.528,83.82
1,853,80.548,83.842
1,854,80.568,83.864
1,855,80.588,83.886
1,856,80.608,83.908
1,857,80.628,83.93
1,858,80.648,83.952
1,859,80.668,83.974
1,860,80.688,83.996
1,861,80.708,84.018
1,862,80.728,84.039
1,863,80.748,84.061
1,864,80.768,84.083
1,865,80.788,84.105
1,866,80.808,84.126
1,867,80.828,84.148
1,868,80.845,84.168
1,869,80.865,84.189
1,870,80.884,84.211
1,871,80.904,84.233
1,872,80.924,84.254
1,873,80.944,84.276
1,874,80.963,84.297
1,875,80.983,84.319
1,876,81.003,84.34
1,877,81.022,84.362
1,878,81.042,84.383
1,879,81.061,84.404
1,880,81.081,84.426
1,881,81.101,84.447
1,882,81.12,84.469
1,883,81.14,84.49
1,884,81.159,84.511
1,885,81.178,84.532
1,886,81.198,84.554
1,887,81.217,84.575
1,888,81.237,84.596
1,889,81.256,84.617
1,890,81.275,84.639
1,891,81.295,84.66
1,892,81.314,84.681
1,893,81.333,84.702
1,894,81.353,84.723
1,895,81.372,84.744
1,896,81.391,84.765
1,897,81.41,84.786
1,898,81.429,84.807
1,899,81.448,84.828
1,900,81.468,84.849
1,901,81.487,84.87
1,902,81.506,84.891
1,903,81.525,84.912
1,904,81.544,84.933
1,905,81.563,84.953
1,906,81.582,84.974
1,907,81.601,84.995
1,908,81.62,85.016
1,909,81.639,85.037
1,910,81.658,85.057
1,911,81.677,85.078
1,912,81.696,85.099
1,913,81.714,85.12
1,914,81.733,85.14
1,915,81.752,85.161
1,916,81.771,85.181
1,917,81.79,85.202
1,918,81.808,85.223
1,919,81.827,85.243
1,920,81.846,85.264
1,921,81.867,85.286
1,922,81.886,85.307
1,923,81.905,85.327
1,924,81.923,85.347
1,925,81.942,85.368
1,926,81.961,85.388
1,927,81.979,85.409
1,928,81.998,85.429
1,929,82.016,85.45
1,930,82.035,85.47
1,931,82.053,85.49
1,932,82.072,85.511
1,933,82.09,85.531
1,934,82.109,85.551
1,935,82.127,85.571
1,936,82.146,85.592
1,937,82.164,85.612
1,938,82.182,85.632
1,939,82.201,85.652
1,940,82.219,85.672
1,941,82.24,85.694
1,942,82.258,85.714
1,943,82.277,85.734
1,944,82.295,85.754
1,945,82.313,85.774
1,946,82.331,85.795
1,947,82.35,85.815
1,948,82.368,85.835
1,949,82.386,85.854
1,950,82.404,85.874
1,951,82.422,85.894
1,952,82.44,85.914
1,953,82.458,85.934
1,954,82.477,85.954
1,955,82.497,85.976
1,956,82.515,85.996
1,957,82.533,86.016
1,958,82.551,86.035
1,959,82.569,86.055
1,960,82.587,86.075
1,961,82.605,86.095
1,962,82.623,86.114
1,963,82.641,86.134
1,964,82.659,86.154
1,965,82.677,86.173
1,966,82.698,86.195
1,967,82.715,86.215
1,968,82.733,86.234
1,969,82.751,86.254
1,970,82.769,86.273
1,971,82.787,86.293
1,972,82.804,86.313
1,973,82.822,86.332
1,974,82.84,86.352
1,975,82.857,86.371
1,976,82.878,86.392
1,977,82.896,86.412
1,978,82.913,86.431
1,979,82.931,86.451
1,980,82.949,86.47
1,981,82.966,86.49
1,982,82.984,86.509
1,983,83.001,86.528
1,984,83.022,86.55
1,985,83.039,86.569
1,986,83.057,86.588
1,987,83.074,86.608
1,988,83.092,86.627
1,989,83.109,86.646
1,990,83.127,86.665
1,991,83.144,86.685
1,992,83.164,86.706
1,993,83.182,86.725
1,994,83.199,86.744
1,995,83.216,86.763
1,996,83.234,86.782
1,997,83.251,86.802
1,998,83.268,86.821
1,999,83.289,86.842
1,1000,83.306,86.861
1,1001,83.323,86.88
1,1002,83.34,86.899
1,1003,83.358,86.918
1,1004,83.375,86.937
1,1005,83.392,86.956
1,1006,83.412,86.977
1,1007,83.429,86.996
1,1008,83.447,87.015
1,1009,83.464,87.034
1,1010,83.481,87.053
1,1011,83.498,87.072
1,1012,83.518,87.093
1,1013,83.535,87.111
1,1014,83.552,87.13
1,1015,83.569,87.149
1,1016,83.586,87.168
1,1017,83.603,87.187
1,1018,83.623,87.208
1,1019,83.64,87.227
1,1020,83.657,87.245
1,1021,83.674,87.264
1,1022,83.691,87.283
1,1023,83.711,87.304
1,1024,83.728,87.322
1,1025,83.745,87.341
1,1026,83.762,87.36
1,1027,83.779,87.379
1,1028,83.796,87.397
1,1029,83.816,87.418
1,1030,83.832,87.437
1,1031,83.849,87.455
1,1032,83.866,87.474
1,1033,83.883,87.493
1,1034,83.903,87.513
1,1035,83.92,87.532
1,1036,83.937,87.55
1,1037,83.953,87.569
1,1038,83.97,87.588
1,1039,83.99,87.608
1,1040,84.006,87.627
1,1041,84.023,87.645
1,1042,84.04,87.664
1,1043,84.057,87.682
1,1044,84.076,87.703
1,1045,84.093,87.721
1,1046,84.11,87.74
1,1047,84.126,87.758
1,1048,84.146,87.778
1,1049,84.163,87.797
1,1050,84.179,87.815
1,1051,84.196,87.834
1,1052,84.212,87.852
1,1053,84.232,87.873
1,1054,84.249,87.891
1,1055,84.265,87.909
1,1056,84.282,87.928
1,1057,84.301,87.948
1,1058,84.318,87.966
1,1059,84.334,87.985
1,1060,84.351,88.003
1,1061,84.367,88.021
1,1062,84.387,88.042
1,1063,84.403,88.06
1,1064,84.42,88.078
1,1065,84.436,88.096
1,1066,84.456,88.117
1,1067,84.472,88.135
1,1068,84.488,88.153
1,1069,84.505,88.171
1,1070,84.524,88.191
1,1071,84.541,88.21
1,1072,84.557,88.228
1,1073,84.573,88.246
1,1074,84.593,88.266
1,1075,84.609,88.284
1,1076,84.625,88.302
1,1077,84.642,88.321
1,1078,84.661,88.341
1,1079,84.677,88.359
1,1080,84.694,88.377
1,1081,84.71,88.395
1,1082,84.729,88.415
1,1083,84.745,88.433
1,1084,84.762,88.451
1,1085,84.781,88.471
1,1086,84.797,88.489
1,1087,84.813,88.507
1,1088,84.83,88.525
1,1089,84.849,88.545
1,1090,84.865,88.563
1,1091,84.881,88.581
1,1092,84.897,88.599
1,1093,84.916,88.619
1,1094,84.932,88.637
1,1095,84.949,88.655
1,1096,84.968,88.675
1,1097,84.984,88.693
1,1098,85,88.711
1,1099,85.016,88.728
1,1100,85.035,88.748
1,1101,85.051,88.766
1,1102,85.067,88.784
1,1103,85.086,88.804
1,1104,85.102,88.822
1,1105,85.118,88.839
1,1106,85.134,88.857
1,1107,85.153,88.877
1,1108,85.169,88.895
1,1109,85.185,88.913
1,1110,85.204,88.932
1,1111,85.22,88.95
1,1112,85.236,88.968
1,1113,85.255,88.988
1,1114,85.271,89.005
1,1115,85.287,89.023
1,1116,85.303,89.041
1,1117,85.322,89.061
1,1118,85.338,89.078
1,1119,85.353,89.096
1,1120,85.372,89.116
1,1121,85.388,89.133
1,1122,85.404,89.151
1,1123,85.423,89.171
1,1124,85.439,89.188
1,1125,85.455,89.206
1,1126,85.473,89.226
1,1127,85.489,89.243
1,1128,85.505,89.261
1,1129,85.524,89.28
1,1130,85.539,89.298
1,1131,85.555,89.315
1,1132,85.574,89.335
1,1133,85.59,89.353
1,1134,85.606,89.37
1,1135,85.624,89.39
1,1136,85.64,89.407
1,1137,85.656,89.425
1,1138,85.674,89.444
1,1139,85.69,89.462
1,1140,85.706,89.479
1,1141,85.724,89.498
1,1142,85.74,89.516
1,1143,85.756,89.533
1,1144,85.774,89.553
1,1145,85.79,89.57
1,1146,85.806,89.588
1,1147,85.824,89.607
1,1148,85.84,89.625
1,1149,85.856,89.642
1,1150,85.874,89.661
1,1151,85.89,89.679
1,1152,85.905,89.696
1,1153,85.924,89.716
1,1154,85.939,89.733
1,1155,85.955,89.75
1,1156,85.973,89.77
1,1157,85.989,89.787
1,1158,86.004,89.804
1,1159,86.023,89.823
1,1160,86.038,89.841
1,1161,86.057,89.86
1,1162,86.072,89.877
1,1163,86.088,89.895
1,1164,86.106,89.914
1,1165,86.122,89.931
1,1166,86.137,89.948
1,1167,86.156,89.968
1,1168,86.171,89.985
1,1169,86.187,90.002
1,1170,86.205,90.021
1,1171,86.22,90.038
1,1172,86.239,90.058
1,1173,86.254,90.075
1,1174,86.27,90.092
1,1175,86.288,90.111
1,1176,86.303,90.128
1,1177,86.319,90.145
1,1178,86.337,90.165
1,1179,86.352,90.182
1,1180,86.371,90.201
1,1181,86.386,90.218
1,1182,86.401,90.235
1,1183,86.419,90.254
1,1184,86.435,90.271
1,1185,86.453,90.29
1,1186,86.468,90.307
1,1187,86.483,90.324
1,1188,86.502,90.343
1,1189,86.517,90.36
1,1190,86.535,90.379
1,1191,86.55,90.396
1,1192,86.566,90.413
1,1193,86.584,90.432
1,1194,86.599,90.449
1,1195,86.614,90.466
1,1196,86.632,90.485
1,1197,86.647,90.502
1,1198,86.666,90.521
1,1199,86.681,90.538
1,1200,86.696,90.555
1,1201,86.714,90.574
1,1202,86.729,90.591
1,1203,86.747,90.61
1,1204,86.762,90.627
1,1205,86.78,90.646
1,1206,86.795,90.662
1,1207,86.811,90.679
1,1208,86.829,90.698
1,1209,86.844,90.715
1,1210,86.862,90.734
1,1211,86.877,90.751
1,1212,86.892,90.768
1,1213,86.91,90.786
1,1214,86.925,90.803
1,1215,86.943,90.822
1,1216,86.958,90.839
1,1217,86.973,90.855
1,1218,86.991,90.874
1,1219,87.006,90.891
1,1220,87.024,90.91
1,1221,87.039,90.926
1,1222,87.056,90.945
1,1223,87.071,90.962
1,1224,87.086,90.979
1,1225,87.104,90.997
1,1226,87.119,91.014
1,1227,87.137,91.033
1,1228,87.152,91.049
1,1229,87.17,91.068
1,1230,87.185,91.085
1,1231,87.2,91.101
1,1232,87.217,91.12
1,1233,87.232,91.137
1,1234,87.25,91.155
1,1235,87.265,91.172
1,1236,87.283,91.19
1,1237,87.297,91.207
1,1238,87.312,91.223
1,1239,87.33,91.242
1,1240,87.345,91.259
1,1241,87.362,91.277
1,1242,87.377,91.294
1,1243,87.395,91.312
1,1244,87.41,91.329
1,1245,87.427,91.347
1,1246,87.442,91.364
1,1247,87.457,91.38
1,1248,87.474,91.399
1,1249,87.489,91.415
1,1250,87.507,91.434
1,1251,87.521,91.45
1,1252,87.539,91.468
1,1253,87.554,91.485
1,1254,87.571,91.503
1,1255,87.586,91.52
1,1256,87.604,91.538
1,1257,87.618,91.555
1,1258,87.633,91.571
1,1259,87.65,91.589
1,1260,87.665,91.606
1,1261,87.682,91.624
1,1262,87.697,91.64
1,1263,87.715,91.659
1,1264,87.729,91.675
1,1265,87.747,91.693
1,1266,87.761,91.71
1,1267,87.779,91.728
1,1268,87.793,91.744
1,1269,87.808,91.76
1,1270,87.825,91.779
1,1271,87.84,91.795
1,1272,87.857,91.813
1,1273,87.872,91.829
1,1274,87.889,91.848
1,1275,87.903,91.864
1,1276,87.921,91.882
1,1277,87.935,91.898
1,1278,87.953,91.916
1,1279,87.967,91.933
1,1280,87.984,91.951
1,1281,87.999,91.967
1,1282,88.016,91.985
1,1283,88.031,92.001
1,1284,88.048,92.019
1,1285,88.062,92.036
1,1286,88.077,92.052
1,1287,88.094,92.07
1,1288,88.108,92.086
1,1289,88.126,92.104
1,1290,88.14,92.12
1,1291,88.157,92.138
1,1292,88.172,92.154
1,1293,88.189,92.172
1,1294,88.203,92.188
1,1295,88.22,92.206
1,1296,88.235,92.223
1,1297,88.252,92.24
1,1298,88.266,92.256
1,1299,88.283,92.275
1,1300,88.297,92.29
1,1301,88.315,92.309
1,1302,88.329,92.324
1,1303,88.346,92.342
1,1304,88.36,92.358
1,1305,88.377,92.376
1,1306,88.392,92.392
1,1307,88.409,92.41
1,1308,88.423,92.426
1,1309,88.44,92.444
1,1310,88.454,92.46
1,1311,88.471,92.478
1,1312,88.486,92.494
1,1313,88.503,92.512
1,1314,88.517,92.528
1,1315,88.531,92.544
1,1316,88.548,92.561
1,1317,88.562,92.577
1,1318,88.579,92.595
1,1319,88.593,92.611
1,1320,88.61,92.629
1,1321,88.624,92.645
1,1322,88.641,92.662
1,1323,88.655,92.678
1,1324,88.672,92.696
1,1325,88.686,92.712
1,1326,88.703,92.73
1,1327,88.717,92.745
1,1328,88.734,92.763
1,1329,88.748,92.779
1,1330,88.765,92.797
1,1331,88.779,92.812
1,1332,88.796,92.83
1,1333,88.81,92.846
1,1334,88.827,92.864
1,1335,88.841,92.879
1,1336,88.858,92.897
1,1337,88.872,92.913
1,1338,88.889,92.93
1,1339,88.903,92.946
1,1340,88.92,92.964
1,1341,88.933,92.979
1,1342,88.95,92.997
1,1343,88.964,93.013
1,1344,88.981,93.03
1,1345,88.998,93.048
1,1346,89.012,93.063
1,1347,89.029,93.081
1,1348,89.042,93.097
1,1349,89.059,93.114
1,1350,89.073,93.13
1,1351,89.09,93.147
1,1352,89.104,93.163
1,1353,89.12,93.181
1,1354,89.134,93.196
1,1355,89.151,93.214
1,1356,89.165,93.229
1,1357,89.182,93.247
1,1358,89.195,93.262
1,1359,89.212,93.28
1,1360,89.226,93.295
1,1361,89.243,93.313
1,1362,89.256,93.328
1,1363,89.273,93.346
1,1364,89.287,93.361
1,1365,89.303,93.379
1,1366,89.317,93.394
1,1367,89.334,93.412
1,1368,89.347,93.427
1,1369,89.364,93.445
1,1370,89.378,93.46
1,1371,89.394,93.477
1,1372,89.408,93.493
1,1373,89.425,93.51
1,1374,89.438,93.526
1,1375,89.455,93.543
1,1376,89.469,93.559
1,1377,89.485,93.576
1,1378,89.502,93.593
1,1379,89.516,93.609
1,1380,89.532,93.626
1,1381,89.546,93.641
1,1382,89.562,93.659
1,1383,89.576,93.674
1,1384,89.593,93.692
1,1385,89.606,93.707
1,1386,89.623,93.724
1,1387,89.636,93.74
1,1388,89.653,93.757
1,1389,89.666,93.772
1,1390,89.683,93.79
1,1391,89.696,93.805
1,1392,89.713,93.822
1,1393,89.726,93.837
1,1394,89.743,93.855
1,1395,89.757,93.87
1,1396,89.773,93.887
1,1397,89.787,93.903
1,1398,89.803,93.92
1,1399,89.82,93.937
1,1400,89.833,93.952
1,1401,89.849,93.97
1,1402,89.863,93.985
1,1403,89.879,94.002
1,1404,89.893,94.017
1,1405,89.909,94.035
1,1406,89.923,94.05
1,1407,89.939,94.067
1,1408,89.953,94.082
1,1409,89.969,94.099
1,1410,89.983,94.115
1,1411,89.999,94.132
1,1412,90.012,94.147
1,1413,90.029,94.164
1,1414,90.045,94.181
1,1415,90.059,94.196
1,1416,90.075,94.214
1,1417,90.088,94.229
1,1418,90.105,94.246
1,1419,90.118,94.261
1,1420,90.135,94.278
1,1421,90.148,94.293
1,1422,90.164,94.311
1,1423,90.178,94.326
1,1424,90.194,94.343
1,1425,90.207,94.358
1,1426,90.224,94.375
1,1427,90.237,94.39
1,1428,90.253,94.407
1,1429,90.27,94.424
1,1430,90.283,94.439
1,1431,90.299,94.456
1,1432,90.313,94.472
1,1433,90.329,94.489
1,1434,90.342,94.504
1,1435,90.359,94.521
1,1436,90.372,94.536
1,1437,90.388,94.553
1,1438,90.402,94.568
1,1439,90.418,94.585
1,1440,90.431,94.6
1,1441,90.447,94.617
1,1442,90.464,94.634
1,1443,90.477,94.649
1,1444,90.493,94.666
1,1445,90.506,94.681
1,1446,90.523,94.698
1,1447,90.536,94.713
1,1448,90.552,94.73
1,1449,90.565,94.745
1,1450,90.582,94.762
1,1451,90.595,94.777
1,1452,90.611,94.794
1,1453,90.627,94.811
1,1454,90.641,94.826
1,1455,90.657,94.843
1,1456,90.67,94.858
1,1457,90.686,94.875
1,1458,90.699,94.89
1,1459,90.716,94.907
1,1460,90.729,94.922
1,1461,90.745,94.939
1,1462,90.758,94.954
1,1463,90.775,94.971
1,1464,90.791,94.988
1,1465,90.804,95.003
1,1466,90.82,95.02
1,1467,90.833,95.035
1,1468,90.849,95.052
1,1469,90.863,95.067
1,1470,90.879,95.084
1,1471,90.892,95.099
1,1472,90.908,95.116
1,1473,90.921,95.13
1,1474,90.937,95.147
1,1475,90.954,95.164
1,1476,90.967,95.179
1,1477,90.983,95.196
1,1478,90.996,95.211
1,1479,91.012,95.228
1,1480,91.025,95.243
1,1481,91.041,95.26
1,1482,91.054,95.275
1,1483,91.071,95.291
1,1484,91.087,95.308
1,1485,91.1,95.323
1,1486,91.116,95.34
1,1487,91.129,95.355
1,1488,91.145,95.372
1,1489,91.158,95.387
1,1490,91.174,95.404
1,1491,91.187,95.418
1,1492,91.204,95.435
1,1493,91.22,95.452
1,1494,91.233,95.467
1,1495,91.249,95.484
1,1496,91.262,95.499
1,1497,91.278,95.516
1,1498,91.291,95.53
1,1499,91.307,95.547
1,1500,91.32,95.562
1,1501,91.336,95.579
1,1502,91.349,95.594
1,1503,91.365,95.611
1,1504,91.382,95.628
1,1505,91.395,95.642
1,1506,91.411,95.659
1,1507,91.424,95.674
1,1508,91.44,95.691
1,1509,91.453,95.706
1,1510,91.469,95.722
1,1511,91.482,95.737
1,1512,91.498,95.754
1,1513,91.514,95.771
1,1514,91.527,95.786
1,1515,91.543,95.802
1,1516,91.556,95.817
1,1517,91.572,95.834
1,1518,91.585,95.849
1,1519,91.601,95.866
1,1520,91.614,95.88
1,1521,91.63,95.897
1,1522,91.646,95.914
1,1523,91.659,95.929
1,1524,91.675,95.946
1,1525,91.688,95.96
1,1526,91.704,95.977
1,1527,91.717,95.992
1,1528,91.733,96.009
1,1529,91.749,96.025
1,1530,91.762,96.04
1,1531,91.778,96.057
1,1532,91.791,96.072
1,1533,91.807,96.088
1,1534,91.82,96.103
1,1535,91.836,96.12
1,1536,91.849,96.135
1,1537,91.865,96.151
1,1538,91.881,96.168
1,1539,91.894,96.183
1,1540,91.91,96.2
1,1541,91.923,96.214
1,1542,91.939,96.231
1,1543,91.952,96.246
1,1544,91.968,96.263
1,1545,91.981,96.277
1,1546,91.997,96.294
1,1547,92.013,96.311
1,1548,92.026,96.326
1,1549,92.042,96.342
1,1550,92.055,96.357
1,1551,92.071,96.374
1,1552,92.084,96.389
1,1553,92.1,96.405
1,1554,92.116,96.422
1,1555,92.129,96.437
1,1556,92.145,96.454
1,1557,92.157,96.468
1,1558,92.173,96.485
1,1559,92.186,96.5
1,1560,92.202,96.516
1,1561,92.215,96.531
1,1562,92.231,96.548
1,1563,92.247,96.565
1,1564,92.26,96.579
1,1565,92.276,96.596
1,1566,92.289,96.611
1,1567,92.305,96.627
1,1568,92.318,96.642
1,1569,92.334,96.659
1,1570,92.35,96.676
1,1571,92.363,96.69
1,1572,92.379,96.707
1,1573,92.391,96.722
1,1574,92.407,96.738
1,1575,92.42,96.753
1,1576,92.436,96.77
1,1577,92.449,96.784
1,1578,92.465,96.801
1,1579,92.481,96.818
1,1580,92.494,96.832
1,1581,92.51,96.849
1,1582,92.523,96.864
1,1583,92.539,96.88
1,1584,92.551,96.895
1,1585,92.567,96.912
1,1586,92.583,96.928
1,1587,92.596,96.943
1,1588,92.612,96.96
1,1589,92.625,96.974
1,1590,92.641,96.991
1,1591,92.654,97.006
1,1592,92.67,97.022
1,1593,92.686,97.039
1,1594,92.698,97.054
1,1595,92.714,97.071
1,1596,92.727,97.085
1,1597,92.743,97.102
1,1598,92.756,97.116
1,1599,92.772,97.133
1,1600,92.788,97.15
1,1601,92.801,97.164
1,1602,92.817,97.181
1,1603,92.829,97.196
1,1604,92.845,97.212
1,1605,92.858,97.227
1,1606,92.874,97.244
1,1607,92.89,97.26
1,1608,92.903,97.275
1,1609,92.919,97.292
1,1610,92.931,97.306
1,1611,92.947,97.323
1,1612,92.96,97.337
1,1613,92.976,97.354
1,1614,92.989,97.369
1,1615,93.005,97.385
1,1616,93.021,97.402
1,1617,93.033,97.417
1,1618,93.049,97.433
1,1619,93.062,97.448
1,1620,93.078,97.465
1,1621,93.091,97.479
1,1622,93.107,97.496
1,1623,93.123,97.512
1,1624,93.135,97.527
1,1625,93.151,97.544
1,1626,93.164,97.558
1,1627,93.18,97.575
1,1628,93.196,97.592
1,1629,93.209,97.606
1,1630,93.224,97.623
1,1631,93.237,97.637
1,1632,93.253,97.654
1,1633,93.266,97.669
1,1634,93.282,97.685
1,1635,93.298,97.702
1,1636,93.31,97.716
1,1637,93.326,97.733
1,1638,93.339,97.748
1,1639,93.355,97.764
1,1640,93.368,97.779
1,1641,93.383,97.795
1,1642,93.399,97.812
1,1643,93.412,97.827
1,1644,93.428,97.843
1,1645,93.441,97.858
1,1646,93.457,97.874
1,1647,93.469,97.889
1,1648,93.485,97.905
1,1649,93.501,97.922
1,1650,93.514,97.937
1,1651,93.53,97.953
1,1652,93.542,97.968
1,1653,93.558,97.984
1,1654,93.571,97.999
1,1655,93.587,98.016
1,1656,93.603,98.032
1,1657,93.615,98.047
1,1658,93.631,98.063
1,1659,93.644,98.078
1,1660,93.66,98.094
1,1661,93.672,98.109
1,1662,93.688,98.126
1,1663,93.704,98.142
1,1664,93.717,98.157
1,1665,93.733,98.173
1,1666,93.745,98.188
1,1667,93.761,98.204
1,1668,93.777,98.221
1,1669,93.79,98.235
1,1670,93.806,98.252
1,1671,93.818,98.267
1,1672,93.834,98.283
1,1673,93.847,98.298
1,1674,93.863,98.314
1,1675,93.879,98.331
1,1676,93.891,98.345
1,1677,93.907,98.362
1,1678,93.92,98.376
1,1679,93.935,98.393
1,1680,93.951,98.41
1,1681,93.964,98.424
1,1682,93.98,98.441
1,1683,93.992,98.455
1,1684,94.008,98.472
1,1685,94.021,98.486
1,1686,94.037,98.503
1,1687,94.053,98.519
1,1688,94.065,98.534
1,1689,94.081,98.55
1,1690,94.094,98.565
1,1691,94.11,98.582
1,1692,94.122,98.596
1,1693,94.138,98.613
1,1694,94.154,98.629
1,1695,94.166,98.644
1,1696,94.182,98.66
1,1697,94.195,98.675
1,1698,94.211,98.691
1,1699,94.226,98.708
1,1700,94.239,98.722
1,1701,94.255,98.739
1,1702,94.268,98.753
1,1703,94.283,98.77
1,1704,94.296,98.784
1,1705,94.312,98.801
1,1706,94.328,98.817
1,1707,94.34,98.832
1,1708,94.356,98.848
1,1709,94.369,98.863
1,1710,94.384,98.879
1,1711,94.4,98.896
1,1712,94.413,98.91
1,1713,94.429,98.927
1,1714,94.441,98.941
1,1715,94.457,98.958
1,1716,94.473,98.975
1,1717,94.485,98.989
1,1718,94.501,99.005
1,1719,94.514,99.02
1,1720,94.53,99.036
1,1721,94.542,99.051
1,1722,94.558,99.067
1,1723,94.574,99.084
1,1724,94.586,99.098
1,1725,94.602,99.115
1,1726,94.615,99.129
1,1727,94.631,99.146
1,1728,94.646,99.162
1,1729,94.659,99.177
1,1730,94.675,99.193
1,1731,94.687,99.208
1,1732,94.703,99.224
1,1733,94.719,99.241
1,1734,94.731,99.255
1,1735,94.747,99.272
1,1736,94.76,99.286
1,1737,94.776,99.303
1,1738,94.788,99.317
1,1739,94.804,99.334
1,1740,94.82,99.35
1,1741,94.832,99.365
1,1742,94.848,99.381
1,1743,94.86,99.395
1,1744,94.876,99.412
1,1745,94.892,99.429
1,1746,94.905,99.443
1,1747,94.92,99.459
1,1748,94.933,99.474
1,1749,94.949,99.49
1,1750,94.964,99.507
1,1751,94.977,99.521
1,1752,94.993,99.538
1,1753,95.005,99.552
1,1754,95.021,99.569
1,1755,95.037,99.585
1,1756,95.049,99.599
1,1757,95.065,99.616
1,1758,95.078,99.63
1,1759,95.093,99.647
1,1760,95.106,99.661
1,1761,95.122,99.678
1,1762,95.137,99.694
1,1763,95.15,99.709
1,1764,95.166,99.725
1,1765,95.178,99.739
1,1766,95.194,99.756
1,1767,95.21,99.773
1,1768,95.222,99.787
1,1769,95.238,99.803
1,1770,95.25,99.818
1,1771,95.266,99.834
1,1772,95.282,99.851
1,1773,95.294,99.865
1,1774,95.31,99.882
1,1775,95.323,99.896
1,1776,95.338,99.912
1,1777,95.354,99.929
1,1778,95.367,99.943
1,1779,95.382,99.96
1,1780,95.395,99.974
1,1781,95.411,99.99
1,1782,95.426,100.007
1,1783,95.439,100.021
1,1784,95.454,100.038
1,1785,95.467,100.052
1,1786,95.483,100.069
1,1787,95.498,100.085
1,1788,95.511,100.099
1,1789,95.527,100.116
1,1790,95.539,100.13
1,1791,95.555,100.147
1,1792,95.571,100.163
1,1793,95.583,100.177
1,1794,95.599,100.194
1,1795,95.611,100.208
1,1796,95.627,100.225
1,1797,95.643,100.241
1,1798,95.655,100.255
1,1799,95.671,100.272
1,1800,95.683,100.286
1,1801,95.699,100.303
1,1802,95.715,100.319
1,1803,95.727,100.333
1,1804,95.743,100.35
1,1805,95.755,100.364
1,1806,95.771,100.381
1,1807,95.786,100.397
1,1808,95.799,100.411
1,1809,95.815,100.428
1,1810,95.827,100.442
1,1811,95.843,100.458
1,1812,95.858,100.475
1,1813,95.871,100.489
1,1814,95.887,100.506
1,1815,95.899,100.52
1,1816,95.915,100.536
1,1817,95.93,100.553
1,1818,95.943,100.567
1,1819,95.958,100.584
1,1820,95.971,100.598
1,1821,95.986,100.614
1,1822,96.002,100.631
1,1823,96.015,100.645
1,1824,96.03,100.661
1,1825,96.043,100.676
1,1826,96.058,100.692
1,1827,96.074,100.708
1,1828,96.086,100.723
1,1829,96.102,100.739
1,1830,96.114,100.753
1,1831,96.13,100.77
1,1832,96.146,100.786
1,1833,96.158,100.8
1,1834,96.174,100.817
1,1835,96.186,100.831
1,1836,96.202,100.847
1,1837,96.217,100.864
1,1838,96.23,100.878
1,1839,96.245,100.894
1,1840,96.258,100.909
1,1841,96.273,100.925
1,1842,96.289,100.941
1,1843,96.301,100.956
1,1844,96.317,100.972
1,1845,96.329,100.986
1,1846,96.345,101.003
1,1847,96.361,101.019
1,1848,96.373,101.033
1,1849,96.389,101.05
1,1850,96.404,101.066
1,1851,96.417,101.08
1,1852,96.432,101.097
1,1853,96.445,101.111
1,1854,96.46,101.127
1,1855,96.476,101.144
1,1856,96.488,101.158
1,1857,96.49,101.082
1,1858,96.49,101.082
1,1859,96.49,101.082
1,1860,96.49,101.082
1,1861,96.49,101.082
1,1862,96.49,101.082
1,1863,96.49,101.082
1,1864,96.49,101.082
1,1865,96.49,101.082
1,1866,96.49,101.082
1,1867,96.49,101.082
1,1868,96.49,101.082
1,1869,96.49,101.082
1,1870,96.49,101.082
1,1871,96.49,101.082
1,1872,96.49,101.082
1,1873,96.49,101.082
1,1874,96.49,101.082
1,1875,96.49,101.082
1,1876,96.49,101.082
1,1877,96.49,101.082
1,1878,96.49,101.082
1,1879,96.49,101.082
1,1880,96.49,101.082
1,1881,96.49,101.082
1,1882,96.49,101.082
1,1883,96.49,101.082
1,1884,96.49,101.082
1,1885,96.49,101.082
1,1886,96.49,101.082
1,1887,96.49,101.082
1,1888,96.933,101.555
1,1889,96.933,101.555
1,1890,96.933,101.555
1,1891,96.933,101.555
1,1892,96.933,101.555
1,1893,96.933,101.555
1,1894,96.933,101.555
1,1895,96.933,101.555
1,1896,96.933,101.555
1,1897,96.933,101.555
1,1898,96.933,101.555
1,1899,96.933,101.555
1,1900,96.933,101.555
1,1901,96.933,101.555
1,1902,96.933,101.555
1,1903,96.933,101.555
1,1904,96.933,101.555
1,1905,96.933,101.555
1,1906,96.933,101.555
1,1907,96.933,101.555
1,1908,96.933,101.555
1,1909,96.933,101.555
1,1910,96.933,101.555
1,1911,96.933,101.555
1,1912,96.933,101.555
1,1913,96.933,101.555
1,1914,96.933,101.555
1,1915,96.933,101.555
1,1916,96.933,101.555
1,1917,96.933,101.555
1,1918,97.373,102.026
1,1919,97.373,102.026
1,1920,97.373,102.026
1,1921,97.373,102.026
1,1922,97.373,102.026
1,1923,97.373,102.026
1,1924,97.373,102.026
1,1925,97.373,102.026
1,1926,97.373,102.026
1,1927,97.373,102.026
1,1928,97.373,102.026
1,1929,97.373,102.026
1,1930,97.373,102.026
1,1931,97.373,102.026
1,1932,97.373,102.026
1,1933,97.373,102.026
1,1934,97.373,102.026
1,1935,97.373,102.026
1,1936,97.373,102.026
1,1937,97.373,102.026
1,1938,97.373,102.026
1,1939,97.373,102.026
1,1940,97.373,102.026
1,1941,97.373,102.026
1,1942,97.373,102.026
1,1943,97.373,102.026
1,1944,97.373,102.026
1,1945,97.373,102.026
1,1946,97.373,102.026
1,1947,97.373,102.026
1,1948,97.812,102.496
1,1949,97.812,102.496
1,1950,97.812,102.496
1,1951,97.812,102.496
1,1952,97.812,102.496
1,1953,97.812,102.496
1,1954,97.812,102.496
1,1955,97.812,102.496
1,1956,97.812,102.496
1,1957,97.812,102.496
1,1958,97.812,102.496
1,1959,97.812,102.496
1,1960,97.812,102.496
1,1961,97.812,102.496
1,1962,97.812,102.496
1,1963,97.812,102.496
1,1964,97.812,102.496
1,1965,97.812,102.496
1,1966,97.812,102.496
1,1967,97.812,102.496
1,1968,97.812,102.496
1,1969,97.812,102.496
1,1970,97.812,102.496
1,1971,97.812,102.496
1,1972,97.812,102.496
1,1973,97.812,102.496
1,1974,97.812,102.496
1,1975,97.812,102.496
1,1976,97.812,102.496
1,1977,97.812,102.496
1,1978,97.812,102.496
1,1979,98.245,102.96
1,1980,98.245,102.96
1,1981,98.245,102.96
1,1982,98.245,102.96
1,1983,98.245,102.96
1,1984,98.245,102.96
1,1985,98.245,102.96
1,1986,98.245,102.96
1,1987,98.245,102.96
1,1988,98.245,102.96
1,1989,98.245,102.96
1,1990,98.245,102.96
1,1991,98.245,102.96
1,1992,98.245,102.96
1,1993,98.245,102.96
1,1994,98.245,102.96
1,1995,98.245,102.96
1,1996,98.245,102.96
1,1997,98.245,102.96
1,1998,98.245,102.96
1,1999,98.245,102.96
1,2000,98.245,102.96
1,2001,98.245,102.96
1,2002,98.245,102.96
1,2003,98.245,102.96
1,2004,98.245,102.96
1,2005,98.245,102.96
1,2006,98.245,102.96
1,2007,98.245,102.96
1,2008,98.245,102.96
1,2009,98.674,103.42
1,2010,98.674,103.42
1,2011,98.674,103.42
1,2012,98.674,103.42
1,2013,98.674,103.42
1,2014,98.674,103.42
1,2015,98.674,103.42
1,2016,98.674,103.42
1,2017,98.674,103.42
1,2018,98.674,103.42
1,2019,98.674,103.42
1,2020,98.674,103.42
1,2021,98.674,103.42
1,2022,98.674,103.42
1,2023,98.674,103.42
1,2024,98.674,103.42
1,2025,98.674,103.42
1,2026,98.674,103.42
1,2027,98.674,103.42
1,2028,98.674,103.42
1,2029,98.674,103.42
1,2030,98.674,103.42
1,2031,98.674,103.42
1,2032,98.674,103.42
1,2033,98.674,103.42
1,2034,98.674,103.42
1,2035,98.674,103.42
1,2036,98.674,103.42
1,2037,98.674,103.42
1,2038,98.674,103.42
1,2039,98.674,103.42
1,2040,99.099,103.875
1,2041,99.099,103.875
1,2042,99.099,103.875
1,2043,99.099,103.875
1,2044,99.099,103.875
1,2045,99.099,103.875
1,2046,99.099,103.875
1,2047,99.099,103.875
1,2048,99.099,103.875
1,2049,99.099,103.875
1,2050,99.099,103.875
1,2051,99.099,103.875
1,2052,99.099,103.875
1,2053,99.099,103.875
1,2054,99.099,103.875
1,2055,99.099,103.875
1,2056,99.099,103.875
1,2057,99.099,103.875
1,2058,99.099,103.875
1,2059,99.099,103.875
1,2060,99.099,103.875
1,2061,99.099,103.875
1,2062,99.099,103.875
1,2063,99.099,103.875
1,2064,99.099,103.875
1,2065,99.099,103.875
1,2066,99.099,103.875
1,2067,99.099,103.875
1,2068,99.099,103.875
1,2069,99.099,103.875
1,2070,99.523,104.329
1,2071,99.523,104.329
1,2072,99.523,104.329
1,2073,99.523,104.329
1,2074,99.523,104.329
1,2075,99.523,104.329
1,2076,99.523,104.329
1,2077,99.523,104.329
1,2078,99.523,104.329
1,2079,99.523,104.329
1,2080,99.523,104.329
1,2081,99.523,104.329
1,2082,99.523,104.329
1,2083,99.523,104.329
1,2084,99.523,104.329
1,2085,99.523,104.329
1,2086,99.523,104.329
1,2087,99.523,104.329
1,2088,99.523,104.329
1,2089,99.523,104.329
1,2090,99.523,104.329
1,2091,99.523,104.329
1,2092,99.523,104.329
1,2093,99.523,104.329
1,2094,99.523,104.329
1,2095,99.523,104.329
1,2096,99.523,104.329
1,2097,99.523,104.329
1,2098,99.523,104.329
1,2099,99.523,104.329
1,2100,99.523,104.329
1,2101,99.94,104.777
1,2102,99.94,104.777
1,2103,99.94,104.777
1,2104,99.94,104.777
1,2105,99.94,104.777
1,2106,99.94,104.777
1,2107,99.94,104.777
1,2108,99.94,104.777
1,2109,99.94,104.777
1,2110,99.94,104.777
1,2111,99.94,104.777
1,2112,99.94,104.777
1,2113,99.94,104.777
1,2114,99.94,104.777
1,2115,99.94,104.777
1,2116,99.94,104.777
1,2117,99.94,104.777
1,2118,99.94,104.777
1,2119,99.94,104.777
1,2120,99.94,104.777
1,2121,99.94,104.777
1,2122,99.94,104.777
1,2123,99.94,104.777
1,2124,99.94,104.777
1,2125,99.94,104.777
1,2126,99.94,104.777
1,2127,99.94,104.777
1,2128,99.94,104.777
1,2129,99.94,104.777
1,2130,99.94,104.777
1,2131,100.353,105.22
1,2132,100.353,105.22
1,2133,100.353,105.22
1,2134,100.353,105.22
1,2135,100.353,105.22
1,2136,100.353,105.22
1,2137,100.353,105.22
1,2138,100.353,105.22
1,2139,100.353,105.22
1,2140,100.353,105.22
1,2141,100.353,105.22
1,2142,100.353,105.22
1,2143,100.353,105.22
1,2144,100.353,105.22
1,2145,100.353,105.22
1,2146,100.353,105.22
1,2147,100.353,105.22
1,2148,100.353,105.22
1,2149,100.353,105.22
1,2150,100.353,105.22
1,2151,100.353,105.22
1,2152,100.353,105.22
1,2153,100.353,105.22
1,2154,100.353,105.22
1,2155,100.353,105.22
1,2156,100.353,105.22
1,2157,100.353,105.22
1,2158,100.353,105.22
1,2159,100.353,105.22
1,2160,100.353,105.22
1,2161,100.353,105.22
1,2162,100.766,105.662
1,2163,100.766,105.662
1,2164,100.766,105.662
1,2165,100.766,105.662
1,2166,100.766,105.662
1,2167,100.766,105.662
1,2168,100.766,105.662
1,2169,100.766,105.662
1,2170,100.766,105.662
1,2171,100.766,105.662
1,2172,100.766,105.662
1,2173,100.766,105.662
1,2174,100.766,105.662
1,2175,100.766,105.662
1,2176,100.766,105.662
1,2177,100.766,105.662
1,2178,100.766,105.662
1,2179,100.766,105.662
1,2180,100.766,105.662
1,2181,100.766,105.662
1,2182,100.766,105.662
1,2183,100.766,105.662
1,2184,100.766,105.662
1,2185,100.766,105.662
1,2186,100.766,105.662
1,2187,100.766,105.662
1,2188,100.766,105.662
1,2189,100.766,105.662
1,2190,100.766,105.662
1,2191,100.766,105.662
1,2192,101.171,106.097
1,2193,101.171,106.097
1,2194,101.171,106.097
1,2195,101.171,106.097
1,2196,101.171,106.097
1,2197,101.171,106.097
1,2198,101.171,106.097
1,2199,101.171,106.097
1,2200,101.171,106.097
1,2201,101.171,106.097
1,2202,101.171,106.097
1,2203,101.171,106.097
1,2204,101.171,106.097
1,2205,101.171,106.097
1,2206,101.171,106.097
1,2207,101.171,106.097
1,2208,101.171,106.097
1,2209,101.171,106.097
1,2210,101.171,106.097
1,2211,101.171,106.097
1,2212,101.171,106.097
1,2213,101.171,106.097
1,2214,101.171,106.097
1,2215,101.171,106.097
1,2216,101.171,106.097
1,2217,101.171,106.097
1,2218,101.171,106.097
1,2219,101.171,106.097
1,2220,101.171,106.097
1,2221,101.171,106.097
1,2222,101.171,106.097