0,0,2.033,2.395
0,1,1.994,2.352
0,2,2.002,2.362
0,3,2.017,2.378
0,4,2.034,2.397
0,5,2.053,2.418
0,6,2.074,2.44
0,7,2.096,2.464
0,8,2.118,2.488
0,9,2.141,2.513
0,10,2.165,2.54
0,11,2.19,2.567
0,12,2.216,2.595
0,13,2.242,2.623
0,14,2.269,2.653
0,15,2.297,2.683
0,16,2.325,2.714
0,17,2.353,2.745
0,18,2.382,2.777
0,19,2.41,2.808
0,20,2.439,2.84
0,21,2.468,2.871
0,22,2.496,2.903
0,23,2.525,2.934
0,24,2.553,2.965
0,25,2.582,2.996
0,26,2.61,3.027
0,27,2.638,3.058
0,28,2.665,3.088
0,29,2.693,3.118
0,30,2.72,3.148
0,31,2.747,3.178
0,32,2.774,3.207
0,33,2.801,3.236
0,34,2.827,3.265
0,35,2.853,3.294
0,36,2.879,3.322
0,37,2.904,3.35
0,38,2.93,3.377
0,39,2.955,3.405
0,40,2.98,3.432
0,41,3.004,3.459
0,42,3.029,3.485
0,43,3.053,3.512
0,44,3.077,3.538
0,45,3.1,3.564
0,46,3.124,3.589
0,47,3.147,3.614
0,48,3.17,3.639
0,49,3.192,3.664
0,50,3.215,3.689
0,51,3.237,3.713
0,52,3.259,3.737
0,53,3.281,3.761
0,54,3.303,3.785
0,55,3.324,3.808
0,56,3.345,3.831
0,57,3.366,3.854
0,58,3.387,3.877
0,59,3.408,3.899
0,60,3.428,3.922
0,61,3.449,3.944
0,62,3.469,3.966
0,63,3.489,3.987
0,64,3.508,4.009
0,65,3.528,4.031
0,66,3.548,4.052
0,67,3.567,4.073
0,68,3.586,4.094
0,69,3.605,4.114
0,70,3.624,4.135
0,71,3.643,4.155
0,72,3.661,4.175
0,73,3.679,4.195
0,74,3.698,4.215
0,75,3.716,4.235
0,76,3.734,4.255
0,77,3.752,4.274
0,78,3.769,4.293
0,79,3.787,4.312
0,80,3.804,4.331
0,81,3.821,4.35
0,82,3.838,4.369
0,83,3.855,4.387
0,84,3.872,4.406
0,85,3.889,4.424
0,86,3.905,4.442
0,87,3.922,4.46
0,88,3.938,4.478
0,89,3.955,4.496
0,90,3.971,4.513
0,91,3.987,4.531
0,92,4.003,4.548
0,93,4.018,4.565
0,94,4.034,4.582
0,95,4.05,4.599
0,96,4.065,4.616
0,97,4.081,4.633
0,98,4.096,4.65
0,99,4.111,4.666
0,100,4.126,4.683
0,101,4.141,4.699
0,102,4.156,4.715
0,103,4.171,4.731
0,104,4.185,4.747
0,105,4.2,4.763
0,106,4.214,4.779
0,107,4.229,4.794
0,108,4.243,4.81
0,109,4.257,4.825
0,110,4.271,4.841
0,111,4.285,4.856
0,112,4.299,4.871
0,113,4.313,4.886
0,114,4.326,4.901
0,115,4.34,4.916
0,116,4.353,4.93
0,117,4.367,4.945
0,118,4.38,4.96
0,119,4.394,4.974
0,120,4.407,4.988
0,121,4.42,5.003
0,122,4.433,5.017
0,123,4.446,5.031
0,124,4.458,5.045
0,125,4.471,5.059
0,126,4.484,5.073
0,127,4.496,5.086
0,128,4.509,5.1
0,129,4.521,5.113
0,130,4.534,5.127
0,131,4.546,5.14
0,132,4.558,5.154
0,133,4.57,5.167
0,134,4.582,5.18
0,135,4.594,5.193
0,136,4.606,5.206
0,137,4.618,5.219
0,138,4.629,5.231
0,139,4.641,5.244
0,140,4.652,5.257
0,141,4.664,5.269
0,142,4.675,5.282
0,143,4.687,5.294
0,144,4.698,5.306
0,145,4.709,5.318
0,146,4.72,5.331
0,147,4.731,5.343
0,148,4.742,5.355
0,149,4.753,5.366
0,150,4.764,5.378
0,151,4.775,5.39
0,152,4.785,5.402
0,153,4.796,5.413
0,154,4.807,5.425
0,155,4.817,5.436
0,156,4.828,5.448
0,157,4.838,5.459
0,158,4.848,5.47
0,159,4.859,5.482
0,160,4.869,5.493
0,161,4.879,5.504
0,162,4.889,5.515
0,163,4.899,5.526
0,164,4.909,5.537
0,165,4.919,5.548
0,166,4.929,5.558
0,167,4.938,5.569
0,168,4.948,5.58
0,169,4.958,5.59
0,170,4.968,5.601
0,171,4.977,5.611
0,172,4.987,5.622
0,173,4.996,5.632
0,174,5.006,5.642
0,175,5.015,5.653
0,176,5.024,5.663
0,177,5.034,5.673
0,178,5.043,5.683
0,179,5.052,5.693
0,180,5.061,5.703
0,181,5.07,5.713
0,182,5.079,5.723
0,183,5.088,5.733
0,184,5.097,5.743
0,185,5.106,5.753
0,186,5.115,5.762
0,187,5.124,5.772
0,188,5.133,5.782
0,189,5.141,5.791
0,190,5.15,5.801
0,191,5.159,5.81
0,192,5.167,5.82
0,193,5.176,5.829
0,194,5.185,5.838
0,195,5.193,5.848
0,196,5.201,5.857
0,197,5.21,5.866
0,198,5.218,5.875
0,199,5.226,5.884
0,200,5.235,5.893
0,201,5.243,5.902
0,202,5.251,5.911
0,203,5.259,5.92
0,204,5.267,5.929
0,205,5.276,5.938
0,206,5.284,5.947
0,207,5.292,5.956
0,208,5.3,5.965
0,209,5.307,5.973
0,210,5.315,5.982
0,211,5.323,5.991
0,212,5.331,5.999
0,213,5.339,6.008
0,214,5.347,6.016
0,215,5.354,6.025
0,216,5.362,6.033
0,217,5.37,6.042
0,218,5.377,6.05
0,219,5.385,6.059
0,220,5.393,6.067
0,221,5.4,6.075
0,222,5.407,6.083
0,223,5.415,6.092
0,224,5.423,6.1
0,225,5.43,6.108
0,226,5.437,6.116
0,227,5.445,6.124
0,228,5.452,6.132
0,229,5.459,6.14
0,230,5.467,6.148
0,231,5.474,6.156
0,232,5.481,6.164
0,233,5.488,6.172
0,234,5.495,6.18
0,235,5.502,6.188
0,236,5.509,6.196
0,237,5.517,6.204
0,238,5.524,6.211
0,239,5.531,6.219
0,240,5.538,6.227
0,241,5.544,6.234
0,242,5.551,6.242
0,243,5.558,6.25
0,244,5.565,6.257
0,245,5.572,6.265
0,246,5.579,6.272
0,247,5.586,6.28
0,248,5.593,6.287
0,249,5.599,6.295
0,250,5.606,6.302
0,251,5.613,6.31
0,252,5.619,6.317
0,253,5.626,6.324
0,254,5.633,6.332
0,255,5.639,6.339
0,256,5.646,6.346
0,257,5.652,6.354
0,258,5.659,6.361
0,259,5.665,6.368
0,260,5.672,6.375
0,261,5.678,6.382
0,262,5.685,6.389
0,263,5.691,6.397
0,264,5.698,6.404
0,265,5.704,6.411
0,266,5.711,6.418
0,267,5.717,6.425
0,268,5.723,6.432
0,269,5.73,6.439
0,270,5.736,6.446
0,271,5.742,6.453
0,272,5.748,6.46
0,273,5.755,6.466
0,274,5.761,6.473
0,275,5.767,6.48
0,276,5.773,6.487
0,277,5.779,6.494
0,278,5.785,6.501
0,279,5.792,6.507
0,280,5.798,6.514
0,281,5.804,6.521
0,282,5.81,6.528
0,283,5.816,6.534
0,284,5.822,6.541
0,285,5.828,6.548
0,286,5.834,6.554
0,287,5.84,6.561
0,288,5.846,6.568
0,289,5.852,6.574
0,290,5.858,6.581
0,291,5.864,6.587
0,292,5.87,6.594
0,293,5.876,6.601
0,294,5.881,6.607
0,295,5.887,6.614
0,296,5.893,6.62
0,297,5.899,6.626
0,298,5.905,6.633
0,299,5.911,6.639
0,300,5.917,6.646
0,301,5.922,6.652
0,302,5.928,6.659
0,303,5.934,6.665
0,304,5.94,6.671
0,305,5.945,6.678
0,306,5.951,6.684
0,307,5.957,6.69
0,308,5.962,6.697
0,309,5.968,6.703
0,310,5.974,6.71
0,311,5.98,6.716
0,312,5.985,6.722
0,313,5.991,6.728
0,314,5.996,6.734
0,315,6.002,6.741
0,316,6.008,6.747
0,317,6.013,6.753
0,318,6.019,6.759
0,319,6.024,6.766
0,320,6.03,6.772
0,321,6.036,6.778
0,322,6.041,6.784
0,323,6.047,6.79
0,324,6.052,6.796
0,325,6.058,6.803
0,326,6.063,6.809
0,327,6.069,6.815
0,328,6.074,6.821
0,329,6.08,6.827
0,330,6.085,6.833
0,331,6.091,6.839
0,332,6.096,6.845
0,333,6.102,6.851
0,334,6.107,6.857
0,335,6.113,6.863
0,336,6.118,6.869
0,337,6.124,6.875
0,338,6.129,6.882
0,339,6.134,6.887
0,340,6.14,6.893
0,341,6.145,6.899
0,342,6.151,6.905
0,343,6.156,6.911
0,344,6.161,6.917
0,345,6.167,6.923
0,346,6.172,6.929
0,347,6.177,6.935
0,348,6.183,6.941
0,349,6.188,6.947
0,350,6.193,6.953
0,351,6.199,6.959
0,352,6.204,6.965
0,353,6.209,6.971
0,354,6.215,6.977
0,355,6.22,6.983
0,356,6.225,6.988
0,357,6.231,6.994
0,358,6.236,7
0,359,6.241,7.006
0,360,6.247,7.012
0,361,6.252,7.018
0,362,6.257,7.024
0,363,6.263,7.03
0,364,6.268,7.035
0,365,6.273,7.041
0,366,6.278,7.047
0,367,6.283,7.053
0,368,6.289,7.059
0,369,6.294,7.064
0,370,6.299,7.07
0,371,6.304,7.076
0,372,6.31,7.082
0,373,6.315,7.088
0,374,6.32,7.093
0,375,6.325,7.099
0,376,6.331,7.105
0,377,6.336,7.111
0,378,6.341,7.116
0,379,6.346,7.122
0,380,6.351,7.128
0,381,6.357,7.134
0,382,6.362,7.14
0,383,6.367,7.145
0,384,6.372,7.151
0,385,6.377,7.157
0,386,6.382,7.162
0,387,6.388,7.168
0,388,6.393,7.174
0,389,6.398,7.18
0,390,6.403,7.185
0,391,6.408,7.191
0,392,6.413,7.197
0,393,6.419,7.203
0,394,6.424,7.208
0,395,6.429,7.214
0,396,6.434,7.22
0,397,6.439,7.225
0,398,6.444,7.231
0,399,6.449,7.237
0,400,6.455,7.242
0,401,6.46,7.248
0,402,6.465,7.254
0,403,6.47,7.259
0,404,6.475,7.265
0,405,6.48,7.271
0,406,6.485,7.276
0,407,6.49,7.282
0,408,6.495,7.288
0,409,6.501,7.293
0,410,6.506,7.299
0,411,6.511,7.305
0,412,6.516,7.31
0,413,6.521,7.316
0,414,6.526,7.322
0,415,6.531,7.327
0,416,6.536,7.333
0,417,6.541,7.338
0,418,6.546,7.344
0,419,6.551,7.35
0,420,6.557,7.355
0,421,6.562,7.361
0,422,6.567,7.367
0,423,6.572,7.372
0,424,6.577,7.378
0,425,6.582,7.383
0,426,6.587,7.389
0,427,6.592,7.395
0,428,6.597,7.4
0,429,6.602,7.406
0,430,6.607,7.411
0,431,6.612,7.417
0,432,6.617,7.423
0,433,6.622,7.428
0,434,6.628,7.434
0,435,6.632,7.439
0,436,6.638,7.445
0,437,6.643,7.451
0,438,6.648,7.456
0,439,6.653,7.462
0,440,6.658,7.467
0,441,6.663,7.473
0,442,6.668,7.478
0,443,6.673,7.484
0,444,6.678,7.49
0,445,6.683,7.495
0,446,6.688,7.501
0,447,6.693,7.506
0,448,6.698,7.512
0,449,6.703,7.517
0,450,6.708,7.523
0,451,6.713,7.529
0,452,6.718,7.534
0,453,6.723,7.54
0,454,6.728,7.545
0,455,6.733,7.551
0,456,6.738,7.556
0,457,6.743,7.562
0,458,6.748,7.567
0,459,6.753,7.573
0,460,6.758,7.578
0,461,6.763,7.584
0,462,6.768,7.59
0,463,6.773,7.595
0,464,6.778,7.601
0,465,6.783,7.606
0,466,6.788,7.612
0,467,6.793,7.617
0,468,6.798,7.623
0,469,6.803,7.628
0,470,6.808,7.634
0,471,6.813,7.639
0,472,6.818,7.645
0,473,6.823,7.65
0,474,6.828,7.656
0,475,6.833,7.661
0,476,6.838,7.667
0,477,6.843,7.672
0,478,6.848,7.678
0,479,6.853,7.684
0,480,6.858,7.689
0,481,6.863,7.695
0,482,6.868,7.7
0,483,6.873,7.706
0,484,6.878,7.711
0,485,6.883,7.717
0,486,6.888,7.722
0,487,6.893,7.728
0,488,6.898,7.733
0,489,6.903,7.739
0,490,6.908,7.744
0,491,6.913,7.75
0,492,6.918,7.755
0,493,6.923,7.761
0,494,6.928,7.766
0,495,6.933,7.772
0,496,6.937,7.777
0,497,6.942,7.783
0,498,6.947,7.788
0,499,6.952,7.794
0,500,6.957,7.799
0,501,6.962,7.805
0,502,6.967,7.81
0,503,6.972,7.816
0,504,6.977,7.821
0,505,6.982,7.827
0,506,6.987,7.832
0,507,6.992,7.837
0,508,6.997,7.843
0,509,7.002,7.848
0,510,7.007,7.854
0,511,7.012,7.859
0,512,7.017,7.865
0,513,7.022,7.87
0,514,7.027,7.876
0,515,7.032,7.881
0,516,7.036,7.887
0,517,7.041,7.892
0,518,7.046,7.898
0,519,7.051,7.903
0,520,7.056,7.909
0,521,7.061,7.914
0,522,7.066,7.92
0,523,7.071,7.925
0,524,7.076,7.931
0,525,7.081,7.936
0,526,7.086,7.941
0,527,7.091,7.947
0,528,7.095,7.952
0,529,7.1,7.958
0,530,7.105,7.963
0,531,7.11,7.969
0,532,7.115,7.974
0,533,7.12,7.98
0,534,7.125,7.985
0,535,7.13,7.99
0,536,7.135,7.996
0,537,7.14,8.001
0,538,7.145,8.007
0,539,7.149,8.012
0,540,7.154,8.018
0,541,7.159,8.023
0,542,7.164,8.028
0,543,7.169,8.034
0,544,7.174,8.039
0,545,7.179,8.045
0,546,7.184,8.05
0,547,7.189,8.056
0,548,7.194,8.061
0,549,7.198,8.066
0,550,7.203,8.072
0,551,7.208,8.077
0,552,7.213,8.083
0,553,7.218,8.088
0,554,7.223,8.093
0,555,7.227,8.099
0,556,7.232,8.104
0,557,7.237,8.11
0,558,7.242,8.115
0,559,7.247,8.121
0,560,7.252,8.126
0,561,7.257,8.131
0,562,7.262,8.137
0,563,7.266,8.142
0,564,7.271,8.147
0,565,7.276,8.153
0,566,7.281,8.158
0,567,7.286,8.164
0,568,7.291,8.169
0,569,7.296,8.175
0,570,7.301,8.18
0,571,7.305,8.185
0,572,7.31,8.191
0,573,7.315,8.196
0,574,7.32,8.201
0,575,7.325,8.207
0,576,7.329,8.212
0,577,7.334,8.218
0,578,7.339,8.223
0,579,7.344,8.228
0,580,7.349,8.234
0,581,7.354,8.239
0,582,7.359,8.244
0,583,7.363,8.25
0,584,7.368,8.255
0,585,7.373,8.261
0,586,7.378,8.266
0,587,7.383,8.271
0,588,7.388,8.277
0,589,7.392,8.282
0,590,7.397,8.287
0,591,7.402,8.293
0,592,7.407,8.298
0,593,7.411,8.303
0,594,7.416,8.309
0,595,7.421,8.314
0,596,7.426,8.319
0,597,7.431,8.325
0,598,7.436,8.33
0,599,7.441,8.336
0,600,7.445,8.341
0,601,7.45,8.346
0,602,7.455,8.352
0,603,7.46,8.357
0,604,7.464,8.362
0,605,7.469,8.368
0,606,7.474,8.373
0,607,7.479,8.378
0,608,7.484,8.384
0,609,7.488,8.389
0,610,7.493,8.394
0,611,7.498,8.4
0,612,7.503,8.405
0,613,7.508,8.411
0,614,7.512,8.416
0,615,7.517,8.421
0,616,7.522,8.427
0,617,7.527,8.432
0,618,7.532,8.437
0,619,7.536,8.443
0,620,7.541,8.448
0,621,7.546,8.453
0,622,7.551,8.459
0,623,7.556,8.464
0,624,7.56,8.469
0,625,7.565,8.475
0,626,7.57,8.48
0,627,7.575,8.485
0,628,7.579,8.491
0,629,7.584,8.496
0,630,7.589,8.501
0,631,7.594,8.507
0,632,7.599,8.512
0,633,7.603,8.517
0,634,7.608,8.523
0,635,7.613,8.528
0,636,7.618,8.533
0,637,7.622,8.539
0,638,7.627,8.544
0,639,7.632,8.549
0,640,7.637,8.555
0,641,7.641,8.56
0,642,7.646,8.565
0,643,7.651,8.571
0,644,7.656,8.576
0,645,7.66,8.581
0,646,7.665,8.587
0,647,7.67,8.592
0,648,7.675,8.597
0,649,7.679,8.602
0,650,7.684,8.608
0,651,7.689,8.613
0,652,7.694,8.619
0,653,7.699,8.624
0,654,7.703,8.629
0,655,7.708,8.634
0,656,7.713,8.64
0,657,7.718,8.645
0,658,7.722,8.65
0,659,7.727,8.656
0,660,7.732,8.661
0,661,7.737,8.666
0,662,7.741,8.672
0,663,7.746,8.677
0,664,7.751,8.682
0,665,7.756,8.688
0,666,7.76,8.693
0,667,7.765,8.698
0,668,7.77,8.704
0,669,7.775,8.709
0,670,7.779,8.714
0,671,7.784,8.72
0,672,7.789,8.725
0,673,7.794,8.73
0,674,7.798,8.736
0,675,7.803,8.741
0,676,7.808,8.746
0,677,7.813,8.751
0,678,7.817,8.757
0,679,7.822,8.762
0,680,7.827,8.768
0,681,7.832,8.773
0,682,7.836,8.778
0,683,7.841,8.783
0,684,7.846,8.789
0,685,7.851,8.794
0,686,7.855,8.799
0,687,7.86,8.805
0,688,7.865,8.81
0,689,7.869,8.815
0,690,7.874,8.821
0,691,7.879,8.826
0,692,7.884,8.831
0,693,7.889,8.837
0,694,7.893,8.842
0,695,7.898,8.847
0,696,7.903,8.853
0,697,7.907,8.858
0,698,7.912,8.863
0,699,7.917,8.869
0,700,7.922,8.874
0,701,7.927,8.879
0,702,7.931,8.884
0,703,7.936,8.89
0,704,7.941,8.895
0,705,7.945,8.9
0,706,7.95,8.906
0,707,7.955,8.911
0,708,7.96,8.916
0,709,7.964,8.922
0,710,7.969,8.927
0,711,7.974,8.932
0,712,7.978,8.938
0,713,7.983,8.943
0,714,7.988,8.948
0,715,7.993,8.954
0,716,7.997,8.959
0,717,8.002,8.964
0,718,8.007,8.969
0,719,8.011,8.975
0,720,8.016,8.98
0,721,8.021,8.985
0,722,8.026,8.991
0,723,8.031,8.996
0,724,8.035,9.001
0,725,8.04,9.007
0,726,8.045,9.012
0,727,8.049,9.017
0,728,8.054,9.023
0,729,8.059,9.028
0,730,8.064,9.033
0,731,8.068,9.039
0,732,8.073,9.044
0,733,8.078,9.049
0,734,8.082,9.055
0,735,8.087,9.06
0,736,8.092,9.065
0,737,8.096,9.07
0,738,8.101,9.076
0,739,8.106,9.081
0,740,8.111,9.086
0,741,8.115,9.092
0,742,8.12,9.097
0,743,8.125,9.102
0,744,8.13,9.108
0,745,8.134,9.113
0,746,8.139,9.118
0,747,8.144,9.123
0,748,8.148,9.129
0,749,8.153,9.134
0,750,8.158,9.139
0,751,8.162,9.144
0,752,8.167,9.15
0,753,8.172,9.155
0,754,8.176,9.16
0,755,8.181,9.166
0,756,8.186,9.171
0,757,8.191,9.176
0,758,8.195,9.182
0,759,8.2,9.187
0,760,8.205,9.192
0,761,8.209,9.197
0,762,8.214,9.203
0,763,8.219,9.208
0,764,8.223,9.213
0,765,8.228,9.219
0,766,8.233,9.224
0,767,8.237,9.229
0,768,8.242,9.234
0,769,8.247,9.24
0,770,8.251,9.245
0,771,8.256,9.25
0,772,8.261,9.255
0,773,8.265,9.261
0,774,8.27,9.266
0,775,8.275,9.271
0,776,8.279,9.276
0,777,8.284,9.282
0,778,8.289,9.287
0,779,8.293,9.292
0,780,8.298,9.298
0,781,8.303,9.303
0,782,8.307,9.308
0,783,8.312,9.313
0,784,8.317,9.318
0,785,8.321,9.324
0,786,8.326,9.329
0,787,8.33,9.334
0,788,8.335,9.339
0,789,8.34,9.345
0,790,8.344,9.35
0,791,8.349,9.355
0,792,8.354,9.361
0,793,8.358,9.366
0,794,8.363,9.371
0,795,8.368,9.376
0,796,8.372,9.381
0,797,8.377,9.387
0,798,8.381,9.392
0,799,8.386,9.397
0,800,8.391,9.402
0,801,8.395,9.407
0,802,8.4,9.413
0,803,8.404,9.418
0,804,8.409,9.423
0,805,8.414,9.428
0,806,8.418,9.433
0,807,8.423,9.439
0,808,8.427,9.444
0,809,8.432,9.449
0,810,8.437,9.454
0,811,8.441,9.459
0,812,8.446,9.465
0,813,8.45,9.47
0,814,8.455,9.475
0,815,8.459,9.48
0,816,8.464,9.485
0,817,8.468,9.49
0,818,8.473,9.495
0,819,8.477,9.501
0,820,8.482,9.506
0,821,8.487,9.511
0,822,8.491,9.516
0,823,8.496,9.521
0,824,8.5,9.526
0,825,8.505,9.532
0,826,8.509,9.537
0,827,8.514,9.542
0,828,8.518,9.547
0,829,8.523,9.552
0,830,8.527,9.557
0,831,8.532,9.562
0,832,8.536,9.567
0,833,8.541,9.573
0,834,8.545,9.578
0,835,8.55,9.583
0,836,8.554,9.588
0,837,8.559,9.593
0,838,8.563,9.598
0,839,8.568,9.603
0,840,8.572,9.608
0,841,8.577,9.613
0,842,8.581,9.618
0,843,8.586,9.624
0,844,8.59,9.628
0,845,8.595,9.634
0,846,8.599,9.639
0,847,8.604,9.644
0,848,8.608,9.649
0,849,8.612,9.654
0,850,8.617,9.659
0,851,8.621,9.664
0,852,8.626,9.669
0,853,8.63,9.674
0,854,8.635,9.679
0,855,8.639,9.684
0,856,8.644,9.689
0,857,8.648,9.694
0,858,8.652,9.699
0,859,8.657,9.704
0,860,8.661,9.709
0,861,8.666,9.714
0,862,8.67,9.719
0,863,8.674,9.724
0,864,8.679,9.729
0,865,8.683,9.734
0,866,8.688,9.739
0,867,8.692,9.744
0,868,8.696,9.749
0,869,8.701,9.754
0,870,8.705,9.759
0,871,8.709,9.764
0,872,8.714,9.769
0,873,8.718,9.774
0,874,8.723,9.779
0,875,8.727,9.784
0,876,8.731,9.789
0,877,8.736,9.794
0,878,8.74,9.799
0,879,8.744,9.804
0,880,8.749,9.809
0,881,8.753,9.814
0,882,8.757,9.819
0,883,8.762,9.824
0,884,8.766,9.829
0,885,8.77,9.834
0,886,8.775,9.838
0,887,8.779,9.843
0,888,8.783,9.848
0,889,8.788,9.853
0,890,8.792,9.858
0,891,8.796,9.863
0,892,8.801,9.868
0,893,8.805,9.873
0,894,8.809,9.878
0,895,8.813,9.883
0,896,8.817,9.887
0,897,8.822,9.892
0,898,8.826,9.897
0,899,8.83,9.902
0,900,8.835,9.907
0,901,8.839,9.912
0,902,8.843,9.917
0,903,8.847,9.921
0,904,8.852,9.926
0,905,8.856,9.931
0,906,8.86,9.936
0,907,8.864,9.941
0,908,8.868,9.946
0,909,8.873,9.951
0,910,8.877,9.955
0,911,8.881,9.96
0,912,8.885,9.965
0,913,8.89,9.97
0,914,8.894,9.975
0,915,8.898,9.98
0,916,8.902,9.984
0,917,8.906,9.989
0,918,8.911,9.994
0,919,8.915,9.999
0,920,8.919,10.004
0,921,8.923,10.008
0,922,8.927,10.013
0,923,8.931,10.018
0,924,8.936,10.023
0,925,8.94,10.027
0,926,8.944,10.032
0,927,8.948,10.037
0,928,8.952,10.042
0,929,8.956,10.047
0,930,8.961,10.051
0,931,8.965,10.056
0,932,8.969,10.061
0,933,8.973,10.066
0,934,8.977,10.07
0,935,8.981,10.075
0,936,8.986,10.08
0,937,8.99,10.085
0,938,8.994,10.089
0,939,8.998,10.094
0,940,9.002,10.099
0,941,9.006,10.104
0,942,9.01,10.108
0,943,9.014,10.113
0,944,9.018,10.118
0,945,9.022,10.122
0,946,9.027,10.127
0,947,9.03,10.132
0,948,9.035,10.136
0,949,9.039,10.141
0,950,9.043,10.146
0,951,9.047,10.15
0,952,9.051,10.155
0,953,9.055,10.16
0,954,9.059,10.164
0,955,9.063,10.169
0,956,9.067,10.174
0,957,9.071,10.178
0,958,9.075,10.183
0,959,9.079,10.188
0,960,9.083,10.192
0,961,9.088,10.197
0,962,9.092,10.202
0,963,9.096,10.206
0,964,9.1,10.211
0,965,9.104,10.216
0,966,9.108,10.22
0,967,9.112,10.225
0,968,9.116,10.23
0,969,9.12,10.234
0,970,9.124,10.239
0,971,9.128,10.244
0,972,9.132,10.248
0,973,9.136,10.253
0,974,9.14,10.257
0,975,9.144,10.262
0,976,9.148,10.267
0,977,9.152,10.271
0,978,9.156,10.276
0,979,9.16,10.281
0,980,9.164,10.285
0,981,9.168,10.29
0,982,9.172,10.294
0,983,9.176,10.299
0,984,9.18,10.304
0,985,9.184,10.308
0,986,9.188,10.313
0,987,9.192,10.317
0,988,9.196,10.322
0,989,9.2,10.327
0,990,9.204,10.331
0,991,9.207,10.336
0,992,9.212,10.34
0,993,9.216,10.345
0,994,9.219,10.349
0,995,9.223,10.354
0,996,9.227,10.359
0,997,9.231,10.363
0,998,9.235,10.368
0,999,9.239,10.372
0,1000,9.243,10.377
0,1001,9.247,10.381
0,1002,9.251,10.386
0,1003,9.255,10.391
0,1004,9.259,10.395
0,1005,9.263,10.4
0,1006,9.267,10.404
0,1007,9.271,10.409
0,1008,9.275,10.413
0,1009,9.279,10.418
0,1010,9.282,10.422
0,1011,9.286,10.427
0,1012,9.29,10.431
0,1013,9.294,10.436
0,1014,9.298,10.441
0,1015,9.302,10.445
0,1016,9.306,10.449
0,1017,9.31,10.454
0,1018,9.314,10.459
0,1019,9.318,10.463
0,1020,9.322,10.468
0,1021,9.325,10.472
0,1022,9.329,10.477
0,1023,9.333,10.481
0,1024,9.337,10.486
0,1025,9.341,10.49
0,1026,9.345,10.495
0,1027,9.349,10.499
0,1028,9.353,10.504
0,1029,9.357,10.508
0,1030,9.36,10.513
0,1031,9.364,10.517
0,1032,9.368,10.522
0,1033,9.372,10.526
0,1034,9.376,10.531
0,1035,9.38,10.535
0,1036,9.384,10.54
0,1037,9.387,10.544
0,1038,9.391,10.549
0,1039,9.395,10.553
0,1040,9.399,10.558
0,1041,9.403,10.562
0,1042,9.407,10.567
0,1043,9.41,10.571
0,1044,9.414,10.576
0,1045,9.418,10.58
0,1046,9.422,10.584
0,1047,9.426,10.589
0,1048,9.43,10.594
0,1049,9.434,10.598
0,1050,9.438,10.603
0,1051,9.441,10.607
0,1052,9.445,10.611
0,1053,9.449,10.616
0,1054,9.453,10.62
0,1055,9.457,10.625
0,1056,9.46,10.629
0,1057,9.464,10.634
0,1058,9.468,10.638
0,1059,9.472,10.643
0,1060,9.476,10.647
0,1061,9.48,10.651
0,1062,9.483,10.656
0,1063,9.487,10.66
0,1064,9.491,10.665
0,1065,9.495,10.669
0,1066,9.499,10.674
0,1067,9.503,10.678
0,1068,9.506,10.683
0,1069,9.51,10.687
0,1070,9.514,10.692
0,1071,9.518,10.696
0,1072,9.522,10.701
0,1073,9.525,10.705
0,1074,9.529,10.709
0,1075,9.533,10.714
0,1076,9.537,10.718
0,1077,9.541,10.723
0,1078,9.544,10.727
0,1079,9.548,10.731
0,1080,9.552,10.736
0,1081,9.556,10.74
0,1082,9.559,10.745
0,1083,9.563,10.749
0,1084,9.567,10.754
0,1085,9.571,10.758
0,1086,9.575,10.762
0,1087,9.578,10.767
0,1088,9.582,10.771
0,1089,9.586,10.776
0,1090,9.59,10.78
0,1091,9.594,10.785
0,1092,9.597,10.789
0,1093,9.601,10.793
0,1094,9.605,10.798
0,1095,9.608,10.802
0,1096,9.612,10.806
0,1097,9.616,10.811
0,1098,9.62,10.815
0,1099,9.624,10.82
0,1100,9.627,10.824
0,1101,9.631,10.829
0,1102,9.635,10.833
0,1103,9.639,10.837
0,1104,9.642,10.842
0,1105,9.646,10.846
0,1106,9.65,10.851
0,1107,9.654,10.855
0,1108,9.657,10.859
0,1109,9.661,10.864
0,1110,9.665,10.868
0,1111,9.669,10.872
0,1112,9.672,10.877
0,1113,9.676,10.881
0,1114,9.68,10.886
0,1115,9.684,10.89
0,1116,9.687,10.894
0,1117,9.691,10.899
0,1118,9.695,10.903
0,1119,9.698,10.908
0,1120,9.702,10.912
0,1121,9.706,10.916
0,1122,9.71,10.921
0,1123,9.713,10.925
0,1124,9.717,10.93
0,1125,9.721,10.934
0,1126,9.725,10.938
0,1127,9.728,10.943
0,1128,9.732,10.947
0,1129,9.736,10.951
0,1130,9.739,10.956
0,1131,9.743,10.96
0,1132,9.747,10.964
0,1133,9.751,10.969
0,1134,9.754,10.973
0,1135,9.758,10.977
0,1136,9.762,10.982
0,1137,9.765,10.986
0,1138,9.769,10.99
0,1139,9.773,10.995
0,1140,9.776,10.999
0,1141,9.78,11.003
0,1142,9.784,11.008
0,1143,9.787,11.012
0,1144,9.791,11.017
0,1145,9.795,11.021
0,1146,9.798,11.025
0,1147,9.802,11.03
0,1148,9.806,11.034
0,1149,9.809,11.038
0,1150,9.813,11.043
0,1151,9.817,11.047
0,1152,9.821,11.051
0,1153,9.824,11.055
0,1154,9.828,11.06
0,1155,9.832,11.064
0,1156,9.835,11.068
0,1157,9.839,11.073
0,1158,9.842,11.077
0,1159,9.846,11.082
0,1160,9.85,11.086
0,1161,9.853,11.09
0,1162,9.857,11.095
0,1163,9.861,11.099
0,1164,9.864,11.103
0,1165,9.868,11.107
0,1166,9.872,11.112
0,1167,9.875,11.116
0,1168,9.879,11.12
0,1169,9.883,11.125
0,1170,9.886,11.129
0,1171,9.89,11.133
0,1172,9.894,11.138
0,1173,9.897,11.142
0,1174,9.901,11.146
0,1175,9.905,11.15
0,1176,9.908,11.155
0,1177,9.912,11.159
0,1178,9.915,11.163
0,1179,9.919,11.168
0,1180,9.923,11.172
0,1181,9.926,11.176
0,1182,9.93,11.18
0,1183,9.934,11.185
0,1184,9.937,11.189
0,1185,9.941,11.193
0,1186,9.944,11.198
0,1187,9.948,11.202
0,1188,9.952,11.206
0,1189,9.955,11.21
0,1190,9.959,11.215
0,1191,9.962,11.219
0,1192,9.966,11.223
0,1193,9.969,11.227
0,1194,9.973,11.232
0,1195,9.977,11.236
0,1196,9.98,11.24
0,1197,9.984,11.244
0,1198,9.988,11.249
0,1199,9.991,11.253
0,1200,9.995,11.257
0,1201,9.998,11.262
0,1202,10.002,11.266
0,1203,10.005,11.27
0,1204,10.009,11.274
0,1205,10.013,11.279
0,1206,10.016,11.283
0,1207,10.02,11.287
0,1208,10.023,11.291
0,1209,10.027,11.295
0,1210,10.03,11.3
0,1211,10.034,11.304
0,1212,10.038,11.308
0,1213,10.041,11.313
0,1214,10.045,11.317
0,1215,10.048,11.321
0,1216,10.052,11.325
0,1217,10.055,11.33
0,1218,10.059,11.334
0,1219,10.062,11.338
0,1220,10.066,11.342
0,1221,10.07,11.346
0,1222,10.073,11.351
0,1223,10.077,11.355
0,1224,10.08,11.359
0,1225,10.084,11.363
0,1226,10.087,11.368
0,1227,10.091,11.372
0,1228,10.094,11.376
0,1229,10.098,11.38
0,1230,10.101,11.384
0,1231,10.105,11.389
0,1232,10.108,11.393
0,1233,10.112,11.397
0,1234,10.116,11.401
0,1235,10.119,11.405
0,1236,10.123,11.409
0,1237,10.126,11.414
0,1238,10.13,11.418
0,1239,10.133,11.422
0,1240,10.137,11.426
0,1241,10.14,11.431
0,1242,10.144,11.435
0,1243,10.147,11.439
0,1244,10.151,11.443
0,1245,10.154,11.447
0,1246,10.158,11.451
0,1247,10.161,11.456
0,1248,10.165,11.46
0,1249,10.168,11.464
0,1250,10.172,11.468
0,1251,10.175,11.472
0,1252,10.179,11.477
0,1253,10.182,11.481
0,1254,10.186,11.485
0,1255,10.189,11.489
0,1256,10.193,11.493
0,1257,10.196,11.497
0,1258,10.2,11.501
0,1259,10.203,11.506
0,1260,10.207,11.51
0,1261,10.21,11.514
0,1262,10.214,11.518
0,1263,10.217,11.522
0,1264,10.221,11.527
0,1265,10.224,11.531
0,1266,10.228,11.535
0,1267,10.231,11.539
0,1268,10.234,11.543
0,1269,10.238,11.547
0,1270,10.242,11.552
0,1271,10.245,11.556
0,1272,10.248,11.56
0,1273,10.252,11.564
0,1274,10.255,11.568
0,1275,10.259,11.572
0,1276,10.262,11.576
0,1277,10.266,11.581
0,1278,10.269,11.585
0,1279,10.273,11.589
0,1280,10.276,11.593
0,1281,10.28,11.597
0,1282,10.283,11.601
0,1283,10.286,11.605
0,1284,10.29,11.61
0,1285,10.293,11.614
0,1286,10.297,11.618
0,1287,10.3,11.622
0,1288,10.304,11.626
0,1289,10.307,11.63
0,1290,10.31,11.634
0,1291,10.314,11.638
0,1292,10.318,11.643
0,1293,10.321,11.647
0,1294,10.324,11.651
0,1295,10.328,11.655
0,1296,10.331,11.659
0,1297,10.335,11.663
0,1298,10.338,11.667
0,1299,10.341,11.671
0,1300,10.345,11.675
0,1301,10.348,11.679
0,1302,10.352,11.684
0,1303,10.355,11.688
0,1304,10.358,11.692
0,1305,10.362,11.696
0,1306,10.365,11.7
0,1307,10.369,11.704
0,1308,10.372,11.708
0,1309,10.375,11.712
0,1310,10.379,11.716
0,1311,10.382,11.72
0,1312,10.386,11.724
0,1313,10.389,11.728
0,1314,10.393,11.733
0,1315,10.396,11.737
0,1316,10.399,11.741
0,1317,10.403,11.745
0,1318,10.406,11.749
0,1319,10.41,11.753
0,1320,10.413,11.757
0,1321,10.416,11.761
0,1322,10.42,11.765
0,1323,10.423,11.769
0,1324,10.427,11.774
0,1325,10.43,11.777
0,1326,10.433,11.782
0,1327,10.437,11.786
0,1328,10.44,11.79
0,1329,10.443,11.794
0,1330,10.447,11.798
0,1331,10.45,11.802
0,1332,10.453,11.806
0,1333,10.457,11.81
0,1334,10.46,11.814
0,1335,10.464,11.818
0,1336,10.467,11.822
0,1337,10.47,11.826
0,1338,10.474,11.83
0,1339,10.477,11.834
0,1340,10.481,11.838
0,1341,10.484,11.842
0,1342,10.487,11.846
0,1343,10.491,11.851
0,1344,10.494,11.855
0,1345,10.497,11.859
0,1346,10.501,11.863
0,1347,10.504,11.867
0,1348,10.508,11.871
0,1349,10.511,11.875
0,1350,10.514,11.879
0,1351,10.517,11.883
0,1352,10.521,11.887
0,1353,10.524,11.891
0,1354,10.528,11.895
0,1355,10.531,11.899
0,1356,10.534,11.903
0,1357,10.538,11.907
0,1358,10.541,11.911
0,1359,10.544,11.915
0,1360,10.548,11.919
0,1361,10.551,11.923
0,1362,10.554,11.927
0,1363,10.558,11.931
0,1364,10.561,11.936
0,1365,10.564,11.94
0,1366,10.568,11.944
0,1367,10.571,11.947
0,1368,10.574,11.951
0,1369,10.578,11.956
0,1370,10.581,11.96
0,1371,10.584,11.964
0,1372,10.588,11.968
0,1373,10.591,11.972
0,1374,10.595,11.976
0,1375,10.598,11.98
0,1376,10.601,11.984
0,1377,10.604,11.988
0,1378,10.608,11.992
0,1379,10.611,11.996
0,1380,10.615,12
0,1381,10.618,12.004
0,1382,10.621,12.008
0,1383,10.624,12.012
0,1384,10.628,12.016
0,1385,10.631,12.02
0,1386,10.634,12.024
0,1387,10.638,12.028
0,1388,10.641,12.032
0,1389,10.645,12.036
0,1390,10.648,12.04
0,1391,10.651,12.044
0,1392,10.654,12.048
0,1393,10.657,12.052
0,1394,10.661,12.056
0,1395,10.664,12.06
0,1396,10.668,12.064
0,1397,10.671,12.068
0,1398,10.674,12.072
0,1399,10.678,12.076
0,1400,10.681,12.08
0,1401,10.684,12.084
0,1402,10.687,12.088
0,1403,10.691,12.092
0,1404,10.694,12.096
0,1405,10.697,12.1
0,1406,10.701,12.104
0,1407,10.704,12.108
0,1408,10.707,12.112
0,1409,10.711,12.116
0,1410,10.714,12.12
0,1411,10.717,12.124
0,1412,10.72,12.128
0,1413,10.724,12.132
0,1414,10.727,12.136
0,1415,10.731,12.14
0,1416,10.734,12.144
0,1417,10.737,12.148
0,1418,10.74,12.152
0,1419,10.744,12.156
0,1420,10.747,12.16
0,1421,10.75,12.164
0,1422,10.754,12.168
0,1423,10.757,12.172
0,1424,10.76,12.176
0,1425,10.763,12.18
0,1426,10.767,12.184
0,1427,10.77,12.188
0,1428,10.773,12.192
0,1429,10.777,12.196
0,1430,10.78,12.2
0,1431,10.783,12.204
0,1432,10.787,12.208
0,1433,10.79,12.212
0,1434,10.793,12.216
0,1435,10.796,12.219
0,1436,10.8,12.224
0,1437,10.803,12.228
0,1438,10.806,12.231
0,1439,10.81,12.235
0,1440,10.813,12.24
0,1441,10.816,12.243
0,1442,10.819,12.247
0,1443,10.823,12.251
0,1444,10.826,12.255
0,1445,10.829,12.259
0,1446,10.833,12.263
0,1447,10.836,12.267
0,1448,10.839,12.271
0,1449,10.843,12.275
0,1450,10.846,12.279
0,1451,10.849,12.283
0,1452,10.852,12.287
0,1453,10.856,12.291
0,1454,10.859,12.295
0,1455,10.862,12.299
0,1456,10.865,12.303
0,1457,10.869,12.307
0,1458,10.872,12.311
0,1459,10.875,12.315
0,1460,10.879,12.319
0,1461,10.882,12.323
0,1462,10.885,12.327
0,1463,10.888,12.331
0,1464,10.892,12.335
0,1465,10.895,12.339
0,1466,10.898,12.343
0,1467,10.902,12.347
0,1468,10.905,12.351
0,1469,10.908,12.354
0,1470,10.911,12.359
0,1471,10.915,12.362
0,1472,10.918,12.366
0,1473,10.921,12.37
0,1474,10.925,12.374
0,1475,10.928,12.378
0,1476,10.931,12.382
0,1477,10.934,12.386
0,1478,10.938,12.39
0,1479,10.941,12.394
0,1480,10.944,12.398
0,1481,10.948,12.402
0,1482,10.951,12.406
0,1483,10.954,12.41
0,1484,10.957,12.414
0,1485,10.961,12.418
0,1486,10.964,12.422
0,1487,10.967,12.426
0,1488,10.97,12.43
0,1489,10.974,12.434
0,1490,10.977,12.438
0,1491,10.98,12.442
0,1492,10.983,12.446
0,1493,10.987,12.45
0,1494,10.99,12.454
0,1495,10.993,12.457
0,1496,10.997,12.462
0,1497,11,12.465
0,1498,11.003,12.469
0,1499,11.006,12.473
0,1500,11.01,12.477
0,1501,11.013,12.481
0,1502,11.016,12.485
0,1503,11.019,12.489
0,1504,11.023,12.493
0,1505,11.026,12.497
0,1506,11.029,12.501
0,1507,11.033,12.505
0,1508,11.036,12.509
0,1509,11.039,12.513
0,1510,11.042,12.517
0,1511,11.046,12.521
0,1512,11.049,12.525
0,1513,11.052,12.529
0,1514,11.055,12.533
0,1515,11.059,12.537
0,1516,11.062,12.541
0,1517,11.065,12.544
0,1518,11.068,12.549
0,1519,11.072,12.552
0,1520,11.075,12.556
0,1521,11.078,12.56
0,1522,11.081,12.564
0,1523,11.085,12.568
0,1524,11.088,12.572
0,1525,11.091,12.576
0,1526,11.094,12.58
0,1527,11.097,12.584
0,1528,11.101,12.588
0,1529,11.104,12.592
0,1530,11.107,12.596
0,1531,11.111,12.6
0,1532,11.114,12.604
0,1533,11.117,12.608
0,1534,11.121,12.612
0,1535,11.124,12.616
0,1536,11.127,12.619
0,1537,11.13,12.624
0,1538,11.134,12.627
0,1539,11.137,12.631
0,1540,11.14,12.635
0,1541,11.143,12.639
0,1542,11.147,12.643
0,1543,11.15,12.647
0,1544,11.153,12.651
0,1545,11.156,12.655
0,1546,11.16,12.659
0,1547,11.163,12.663
0,1548,11.166,12.667
0,1549,11.169,12.671
0,1550,11.173,12.675
0,1551,11.176,12.679
0,1552,11.179,12.682
0,1553,11.182,12.687
0,1554,11.186,12.69
0,1555,11.189,12.694
0,1556,11.192,12.698
0,1557,11.195,12.702
0,1558,11.199,12.706
0,1559,11.202,12.71
0,1560,11.205,12.714
0,1561,11.208,12.718
0,1562,11.212,12.722
0,1563,11.215,12.726
0,1564,11.218,12.73
0,1565,11.221,12.734
0,1566,11.225,12.738
0,1567,11.228,12.742
0,1568,11.231,12.746
0,1569,11.234,12.75
0,1570,11.238,12.754
0,1571,11.241,12.757
0,1572,11.244,12.761
0,1573,11.248,12.765
0,1574,11.251,12.769
0,1575,11.254,12.773
0,1576,11.257,12.777
0,1577,11.26,12.781
0,1578,11.264,12.785
0,1579,11.267,12.789
0,1580,11.27,12.793
0,1581,11.273,12.797
0,1582,11.277,12.801
0,1583,11.28,12.805
0,1584,11.283,12.809
0,1585,11.286,12.812
0,1586,11.29,12.816
0,1587,11.293,12.82
0,1588,11.296,12.824
0,1589,11.299,12.828
0,1590,11.303,12.832
0,1591,11.306,12.836
0,1592,11.309,12.84
0,1593,11.312,12.844
0,1594,11.316,12.848
0,1595,11.319,12.852
0,1596,11.322,12.856
0,1597,11.325,12.86
0,1598,11.329,12.864
0,1599,11.332,12.868
0,1600,11.335,12.872
0,1601,11.338,12.875
0,1602,11.342,12.879
0,1603,11.345,12.883
0,1604,11.348,12.887
0,1605,11.351,12.891
0,1606,11.355,12.895
0,1607,11.358,12.899
0,1608,11.361,12.903
0,1609,11.364,12.907
0,1610,11.368,12.911
0,1611,11.371,12.915
0,1612,11.374,12.918
0,1613,11.377,12.923
0,1614,11.38,12.926
0,1615,11.384,12.93
0,1616,11.387,12.934
0,1617,11.39,12.938
0,1618,11.394,12.942
0,1619,11.397,12.946
0,1620,11.4,12.95
0,1621,11.403,12.954
0,1622,11.407,12.958
0,1623,11.41,12.962
0,1624,11.413,12.966
0,1625,11.416,12.97
0,1626,11.419,12.973
0,1627,11.423,12.978
0,1628,11.426,12.981
0,1629,11.429,12.985
0,1630,11.432,12.989
0,1631,11.435,12.993
0,1632,11.439,12.997
0,1633,11.442,13.001
0,1634,11.445,13.005
0,1635,11.448,13.009
0,1636,11.452,13.013
0,1637,11.455,13.017
0,1638,11.458,13.02
0,1639,11.461,13.024
0,1640,11.464,13.028
0,1641,11.468,13.032
0,1642,11.471,13.036
0,1643,11.474,13.04
0,1644,11.478,13.044
0,1645,11.481,13.048
0,1646,11.484,13.052
0,1647,11.487,13.056
0,1648,11.49,13.06
0,1649,11.494,13.063
0,1650,11.497,13.067
0,1651,11.5,13.071
0,1652,11.504,13.075
0,1653,11.507,13.079
0,1654,11.51,13.083
0,1655,11.513,13.087
0,1656,11.516,13.091
0,1657,11.52,13.095
0,1658,11.523,13.098
0,1659,11.526,13.103
0,1660,11.529,13.106
0,1661,11.532,13.11
0,1662,11.535,13.114
0,1663,11.539,13.118
0,1664,11.542,13.122
0,1665,11.545,13.126
0,1666,11.548,13.13
0,1667,11.551,13.134
0,1668,11.555,13.138
0,1669,11.558,13.141
0,1670,11.561,13.145
0,1671,11.564,13.149
0,1672,11.568,13.153
0,1673,11.571,13.157
0,1674,11.574,13.161
0,1675,11.577,13.165
0,1676,11.581,13.169
0,1677,11.584,13.172
0,1678,11.587,13.177
0,1679,11.59,13.18
0,1680,11.593,13.184
0,1681,11.597,13.188
0,1682,11.6,13.192
0,1683,11.603,13.196
0,1684,11.606,13.2
0,1685,11.609,13.204
0,1686,11.612,13.207
0,1687,11.616,13.211
0,1688,11.619,13.215
0,1689,11.622,13.219
0,1690,11.625,13.223
0,1691,11.629,13.227
0,1692,11.632,13.231
0,1693,11.635,13.235
0,1694,11.638,13.238
0,1695,11.641,13.242
0,1696,11.644,13.246
0,1697,11.648,13.25
0,1698,11.651,13.254
0,1699,11.654,13.258
0,1700,11.657,13.262
0,1701,11.661,13.266
0,1702,11.664,13.269
0,1703,11.667,13.273
0,1704,11.67,13.277
0,1705,11.673,13.281
0,1706,11.676,13.285
0,1707,11.68,13.289
0,1708,11.683,13.293
0,1709,11.686,13.297
0,1710,11.689,13.3
0,1711,11.692,13.304
0,1712,11.695,13.308
0,1713,11.699,13.312
0,1714,11.702,13.316
0,1715,11.705,13.32
0,1716,11.708,13.324
0,1717,11.711,13.327
0,1718,11.715,13.331
0,1719,11.718,13.335
0,1720,11.721,13.339
0,1721,11.724,13.343
0,1722,11.727,13.347
0,1723,11.73,13.35
0,1724,11.734,13.354
0,1725,11.737,13.358
0,1726,11.74,13.362
0,1727,11.743,13.366
0,1728,11.746,13.37
0,1729,11.749,13.374
0,1730,11.753,13.377
0,1731,11.756,13.381
0,1732,11.759,13.385
0,1733,11.762,13.389
0,1734,11.765,13.393
0,1735,11.769,13.397
0,1736,11.772,13.4
0,1737,11.775,13.404
0,1738,11.778,13.408
0,1739,11.781,13.412
0,1740,11.784,13.416
0,1741,11.788,13.42
0,1742,11.791,13.423
0,1743,11.794,13.427
0,1744,11.797,13.431
0,1745,11.8,13.435
0,1746,11.803,13.439
0,1747,11.806,13.443
0,1748,11.81,13.447
0,1749,11.813,13.45
0,1750,11.816,13.454
0,1751,11.819,13.458
0,1752,11.822,13.462
0,1753,11.825,13.465
0,1754,11.829,13.469
0,1755,11.832,13.473
0,1756,11.835,13.477
0,1757,11.838,13.481
0,1758,11.841,13.485
0,1759,11.844,13.489
0,1760,11.847,13.492
0,1761,11.851,13.496
0,1762,11.854,13.5
0,1763,11.857,13.504
0,1764,11.86,13.507
0,1765,11.863,13.511
0,1766,11.866,13.515
0,1767,11.869,13.519
0,1768,11.873,13.523
0,1769,11.876,13.526
0,1770,11.879,13.53
0,1771,11.882,13.534
0,1772,11.885,13.538
0,1773,11.888,13.542
0,1774,11.891,13.546
0,1775,11.894,13.549
0,1776,11.897,13.553
0,1777,11.901,13.557
0,1778,11.904,13.561
0,1779,11.907,13.565
0,1780,11.91,13.569
0,1781,11.913,13.572
0,1782,11.916,13.576
0,1783,11.919,13.58
0,1784,11.923,13.584
0,1785,11.926,13.587
0,1786,11.929,13.591
0,1787,11.932,13.595
0,1788,11.935,13.599
0,1789,11.938,13.602
0,1790,11.941,13.606
0,1791,11.944,13.61
0,1792,11.948,13.614
0,1793,11.951,13.618
0,1794,11.954,13.621
0,1795,11.957,13.625
0,1796,11.96,13.629
0,1797,11.963,13.633
0,1798,11.966,13.636
0,1799,11.969,13.64
0,1800,11.972,13.644
0,1801,11.975,13.648
0,1802,11.979,13.652
0,1803,11.982,13.655
0,1804,11.985,13.659
0,1805,11.988,13.663
0,1806,11.991,13.667
0,1807,11.994,13.671
0,1808,11.997,13.674
0,1809,12,13.678
0,1810,12.003,13.682
0,1811,12.007,13.686
0,1812,12.01,13.689
0,1813,12.013,13.693
0,1814,12.016,13.697
0,1815,12.019,13.701
0,1816,12.022,13.704
0,1817,12.025,13.708
0,1818,12.028,13.712
0,1819,12.031,13.716
0,1820,12.034,13.719
0,1821,12.037,13.723
0,1822,12.041,13.727
0,1823,12.044,13.731
0,1824,12.047,13.734
0,1825,12.05,13.738
0,1826,12.053,13.742
0,1827,12.056,13.746
0,1828,12.059,13.749
0,1829,12.062,13.753
0,1830,12.065,13.757
0,1831,12.068,13.761
0,1832,12.071,13.764
0,1833,12.075,13.768
0,1834,12.077,13.772
0,1835,12.081,13.776
0,1836,12.084,13.779
0,1837,12.087,13.783
0,1838,12.09,13.787
0,1839,12.093,13.79
0,1840,12.096,13.794
0,1841,12.099,13.798
0,1842,12.102,13.802
0,1843,12.105,13.805
0,1844,12.108,13.809
0,1845,12.111,13.813
0,1846,12.114,13.817
0,1847,12.117,13.82
0,1848,12.12,13.824
0,1849,12.124,13.828
0,1850,12.127,13.831
0,1851,12.13,13.835
0,1852,12.133,13.839
0,1853,12.136,13.843
0,1854,12.139,13.846
0,1855,12.142,13.85
0,1856,12.145,13.854
0,1857,12.352,13.961
0,1858,12.352,13.961
0,1859,12.352,13.961
0,1860,12.352,13.961
0,1861,12.352,13.961
0,1862,12.352,13.961
0,1863,12.352,13.961
0,1864,12.352,13.961
0,1865,12.352,13.961
0,1866,12.352,13.961
0,1867,12.352,13.961
0,1868,12.352,13.961
0,1869,12.352,13.961
0,1870,12.352,13.961
0,1871,12.352,13.961
0,1872,12.352,13.961
0,1873,12.352,13.961
0,1874,12.352,13.961
0,1875,12.352,13.961
0,1876,12.352,13.961
0,1877,12.352,13.961
0,1878,12.352,13.961
0,1879,12.352,13.961
0,1880,12.352,13.961
0,1881,12.352,13.961
0,1882,12.352,13.961
0,1883,12.352,13.961
0,1884,12.352,13.961
0,1885,12.352,13.961
0,1886,12.352,13.961
0,1887,12.352,13.961
0,1888,12.456,14.083
0,1889,12.456,14.083
0,1890,12.456,14.083
0,1891,12.456,14.083
0,1892,12.456,14.083
0,1893,12.456,14.083
0,1894,12.456,14.083
0,1895,12.456,14.083
0,1896,12.456,14.083
0,1897,12.456,14.083
0,1898,12.456,14.083
0,1899,12.456,14.083
0,1900,12.456,14.083
0,1901,12.456,14.083
0,1902,12.456,14.083
0,1903,12.456,14.083
0,1904,12.456,14.083
0,1905,12.456,14.083
0,1906,12.456,14.083
0,1907,12.456,14.083
0,1908,12.456,14.083
0,1909,12.456,14.083
0,1910,12.456,14.083
0,1911,12.456,14.083
0,1912,12.456,14.083
0,1913,12.456,14.083
0,1914,12.456,14.083
0,1915,12.456,14.083
0,1916,12.456,14.083
0,1917,12.456,14.083
0,1918,12.559,14.204
0,1919,12.559,14.204
0,1920,12.559,14.204
0,1921,12.559,14.204
0,1922,12.559,14.204
0,1923,12.559,14.204
0,1924,12.559,14.204
0,1925,12.559,14.204
0,1926,12.559,14.204
0,1927,12.559,14.204
0,1928,12.559,14.204
0,1929,12.559,14.204
0,1930,12.559,14.204
0,1931,12.559,14.204
0,1932,12.559,14.204
0,1933,12.559,14.204
0,1934,12.559,14.204
0,1935,12.559,14.204
0,1936,12.559,14.204
0,1937,12.559,14.204
0,1938,12.559,14.204
0,1939,12.559,14.204
0,1940,12.559,14.204
0,1941,12.559,14.204
0,1942,12.559,14.204
0,1943,12.559,14.204
0,1944,12.559,14.204
0,1945,12.559,14.204
0,1946,12.559,14.204
0,1947,12.559,14.204
0,1948,12.662,14.324
0,1949,12.662,14.324
0,1950,12.662,14.324
0,1951,12.662,14.324
0,1952,12.662,14.324
0,1953,12.662,14.324
0,1954,12.662,14.324
0,1955,12.662,14.324
0,1956,12.662,14.324
0,1957,12.662,14.324
0,1958,12.662,14.324
0,1959,12.662,14.324
0,1960,12.662,14.324
0,1961,12.662,14.324
0,1962,12.662,14.324
0,1963,12.662,14.324
0,1964,12.662,14.324
0,1965,12.662,14.324
0,1966,12.662,14.324
0,1967,12.662,14.324
0,1968,12.662,14.324
0,1969,12.662,14.324
0,1970,12.662,14.324
0,1971,12.662,14.324
0,1972,12.662,14.324
0,1973,12.662,14.324
0,1974,12.662,14.324
0,1975,12.662,14.324
0,1976,12.662,14.324
0,1977,12.662,14.324
0,1978,12.662,14.324
0,1979,12.764,14.444
0,1980,12.764,14.444
0,1981,12.764,14.444
0,1982,12.764,14.444
0,1983,12.764,14.444
0,1984,12.764,14.444
0,1985,12.764,14.444
0,1986,12.764,14.444
0,1987,12.764,14.444
0,1988,12.764,14.444
0,1989,12.764,14.444
0,1990,12.764,14.444
0,1991,12.764,14.444
0,1992,12.764,14.444
0,1993,12.764,14.444
0,1994,12.764,14.444
0,1995,12.764,14.444
0,1996,12.764,14.444
0,1997,12.764,14.444
0,1998,12.764,14.444
0,1999,12.764,14.444
0,2000,12.764,14.444
0,2001,12.764,14.444
0,2002,12.764,14.444
0,2003,12.764,14.444
0,2004,12.764,14.444
0,2005,12.764,14.444
0,2006,12.764,14.444
0,2007,12.764,14.444
0,2008,12.764,14.444
0,2009,12.866,14.564
0,2010,12.866,14.564
0,2011,12.866,14.564
0,2012,12.866,14.564
0,2013,12.866,14.564
0,2014,12.866,14.564
0,2015,12.866,14.564
0,2016,12.866,14.564
0,2017,12.866,14.564
0,2018,12.866,14.564
0,2019,12.866,14.564
0,2020,12.866,14.564
0,2021,12.866,14.564
0,2022,12.866,14.564
0,2023,12.866,14.564
0,2024,12.866,14.564
0,2025,12.866,14.564
0,2026,12.866,14.564
0,2027,12.866,14.564
0,2028,12.866,14.564
0,2029,12.866,14.564
0,2030,12.866,14.564
0,2031,12.866,14.564
0,2032,12.866,14.564
0,2033,12.866,14.564
0,2034,12.866,14.564
0,2035,12.866,14.564
0,2036,12.866,14.564
0,2037,12.866,14.564
0,2038,12.866,14.564
0,2039,12.866,14.564
0,2040,12.968,14.683
0,2041,12.968,14.683
0,2042,12.968,14.683
0,2043,12.968,14.683
0,2044,12.968,14.683
0,2045,12.968,14.683
0,2046,12.968,14.683
0,2047,12.968,14.683
0,2048,12.968,14.683
0,2049,12.968,14.683
0,2050,12.968,14.683
0,2051,12.968,14.683
0,2052,12.968,14.683
0,2053,12.968,14.683
0,2054,12.968,14.683
0,2055,12.968,14.683
0,2056,12.968,14.683
0,2057,12.968,14.683
0,2058,12.968,14.683
0,2059,12.968,14.683
0,2060,12.968,14.683
0,2061,12.968,14.683
0,2062,12.968,14.683
0,2063,12.968,14.683
0,2064,12.968,14.683
0,2065,12.968,14.683
0,2066,12.968,14.683
0,2067,12.968,14.683
0,2068,12.968,14.683
0,2069,12.968,14.683
0,2070,13.069,14.801
0,2071,13.069,14.801
0,2072,13.069,14.801
0,2073,13.069,14.801
0,2074,13.069,14.801
0,2075,13.069,14.801
0,2076,13.069,14.801
0,2077,13.069,14.801
0,2078,13.069,14.801
0,2079,13.069,14.801
0,2080,13.069,14.801
0,2081,13.069,14.801
0,2082,13.069,14.801
0,2083,13.069,14.801
0,2084,13.069,14.801
0,2085,13.069,14.801
0,2086,13.069,14.801
0,2087,13.069,14.801
0,2088,13.069,14.801
0,2089,13.069,14.801
0,2090,13.069,14.801
0,2091,13.069,14.801
0,2092,13.069,14.801
0,2093,13.069,14.801
0,2094,13.069,14.801
0,2095,13.069,14.801
0,2096,13.069,14.801
0,2097,13.069,14.801
0,2098,13.069,14.801
0,2099,13.069,14.801
0,2100,13.069,14.801
0,2101,13.169,14.919
0,2102,13.169,14.919
0,2103,13.169,14.919
0,2104,13.169,14.919
0,2105,13.169,14.919
0,2106,13.169,14.919
0,2107,13.169,14.919
0,2108,13.169,14.919
0,2109,13.169,14.919
0,2110,13.169,14.919
0,2111,13.169,14.919
0,2112,13.169,14.919
0,2113,13.169,14.919
0,2114,13.169,14.919
0,2115,13.169,14.919
0,2116,13.169,14.919
0,2117,13.169,14.919
0,2118,13.169,14.919
0,2119,13.169,14.919
0,2120,13.169,14.919
0,2121,13.169,14.919
0,2122,13.169,14.919
0,2123,13.169,14.919
0,2124,13.169,14.919
0,2125,13.169,14.919
0,2126,13.169,14.919
0,2127,13.169,14.919
0,2128,13.169,14.919
0,2129,13.169,14.919
0,2130,13.169,14.919
0,2131,13.27,15.038
0,2132,13.27,15.038
0,2133,13.27,15.038
0,2134,13.27,15.038
0,2135,13.27,15.038
0,2136,13.27,15.038
0,2137,13.27,15.038
0,2138,13.27,15.038
0,2139,13.27,15.038
0,2140,13.27,15.038
0,2141,13.27,15.038
0,2142,13.27,15.038
0,2143,13.27,15.038
0,2144,13.27,15.038
0,2145,13.27,15.038
0,2146,13.27,15.038
0,2147,13.27,15.038
0,2148,13.27,15.038
0,2149,13.27,15.038
0,2150,13.27,15.038
0,2151,13.27,15.038
0,2152,13.27,15.038
0,2153,13.27,15.038
0,2154,13.27,15.038
0,2155,13.27,15.038
0,2156,13.27,15.038
0,2157,13.27,15.038
0,2158,13.27,15.038
0,2159,13.27,15.038
0,2160,13.27,15.038
0,2161,13.27,15.038
0,2162,13.371,15.156
0,2163,13.371,15.156
0,2164,13.371,15.156
0,2165,13.371,15.156
0,2166,13.371,15.156
0,2167,13.371,15.156
0,2168,13.371,15.156
0,2169,13.371,15.156
0,2170,13.371,15.156
0,2171,13.371,15.156
0,2172,13.371,15.156
0,2173,13.371,15.156
0,2174,13.371,15.156
0,2175,13.371,15.156
0,2176,13.371,15.156
0,2177,13.371,15.156
0,2178,13.371,15.156
0,2179,13.371,15.156
0,2180,13.371,15.156
0,2181,13.371,15.156
0,2182,13.371,15.156
0,2183,13.371,15.156
0,2184,13.371,15.156
0,2185,13.371,15.156
0,2186,13.371,15.156
0,2187,13.371,15.156
0,2188,13.371,15.156
0,2189,13.371,15.156
0,2190,13.371,15.156
0,2191,13.371,15.156
0,2192,13.471,15.274
0,2193,13.471,15.274
0,2194,13.471,15.274
0,2195,13.471,15.274
0,2196,13.471,15.274
0,2197,13.471,15.274
0,2198,13.471,15.274
0,2199,13.471,15.274
0,2200,13.471,15.274
0,2201,13.471,15.274
0,2202,13.471,15.274
0,2203,13.471,15.274
0,2204,13.471,15.274
0,2205,13.471,15.274
0,2206,13.471,15.274
0,2207,13.471,15.274
0,2208,13.471,15.274
0,2209,13.471,15.274
0,2210,13.471,15.274
0,2211,13.471,15.274
0,2212,13.471,15.274
0,2213,13.471,15.274
0,2214,13.471,15.274
0,2215,13.471,15.274
0,2216,13.471,15.274
0,2217,13.471,15.274
0,2218,13.471,15.274
0,2219,13.471,15.274
0,2220,13.471,15.274
0,2221,13.471,15.274
0,2222,13.471,15.274
1,0,2.08,2.459
1,1,2.065,2.437
1,2,2.08,2.454
1,3,2.1,2.475
1,4,2.122,2.499
1,5,2.146,2.525
1,6,2.17,2.551
1,7,2.195,2.579
1,8,2.221,2.607
1,9,2.248,2.637
1,10,2.276,2.667
1,11,2.304,2.698
1,12,2.333,2.73
1,13,2.363,2.764
1,14,2.395,2.798
1,15,2.426,2.833
1,16,2.459,2.869
1,17,2.491,2.905
1,18,2.524,2.941
1,19,2.557,2.977
1,20,2.59,3.014
1,21,2.624,3.051
1,22,2.657,3.087
1,23,2.69,3.124
1,24,2.723,3.16
1,25,2.756,3.197
1,26,2.789,3.233
1,27,2.822,3.269
1,28,2.854,3.305
1,29,2.887,3.34
1,30,2.919,3.376
1,31,2.951,3.411
1,32,2.982,3.445
1,33,3.014,3.48
1,34,3.045,3.514
1,35,3.076,3.548
1,36,3.107,3.581
1,37,3.137,3.615
1,38,3.167,3.648
1,39,3.197,3.68
1,40,3.227,3.712
1,41,3.256,3.744
1,42,3.285,3.776
1,43,3.314,3.807
1,44,3.342,3.838
1,45,3.37,3.869
1,46,3.398,3.9
1,47,3.426,3.93
1,48,3.454,3.96
1,49,3.481,3.989
1,50,3.508,4.018
1,51,3.534,4.047
1,52,3.561,4.076
1,53,3.587,4.104
1,54,3.613,4.133
1,55,3.639,4.16
1,56,3.664,4.188
1,57,3.689,4.215
1,58,3.714,4.242
1,59,3.739,4.269
1,60,3.764,4.296
1,61,3.788,4.322
1,62,3.812,4.348
1,63,3.836,4.374
1,64,3.86,4.4
1,65,3.884,4.425
1,66,3.907,4.45
1,67,3.93,4.475
1,68,3.953,4.5
1,69,3.976,4.525
1,70,3.998,4.549
1,71,4.021,4.573
1,72,4.043,4.597
1,73,4.065,4.62
1,74,4.087,4.644
1,75,4.108,4.667
1,76,4.13,4.69
1,77,4.151,4.713
1,78,4.172,4.736
1,79,4.193,4.758
1,80,4.213,4.78
1,81,4.234,4.802
1,82,4.254,4.824
1,83,4.274,4.846
1,84,4.294,4.867
1,85,4.314,4.888
1,86,4.334,4.909
1,87,4.353,4.93
1,88,4.372,4.951
1,89,4.392,4.972
1,90,4.41,4.992
1,91,4.429,5.012
1,92,4.448,5.032
1,93,4.466,5.052
1,94,4.485,5.072
1,95,4.503,5.091
1,96,4.521,5.111
1,97,4.539,5.13
1,98,4.557,5.149
1,99,4.574,5.168
1,100,4.592,5.187
1,101,4.609,5.205
1,102,4.626,5.224
1,103,4.644,5.242
1,104,4.66,5.26
1,105,4.677,5.278
1,106,4.694,5.296
1,107,4.711,5.314
1,108,4.727,5.332
1,109,4.743,5.349
1,110,4.759,5.367
1,111,4.775,5.384
1,112,4.791,5.401
1,113,4.807,5.418
1,114,4.823,5.435
1,115,4.838,5.452
1,116,4.854,5.468
1,117,4.869,5.485
1,118,4.884,5.501
1,119,4.9,5.517
1,120,4.915,5.533
1,121,4.929,5.549
1,122,4.944,5.565
1,123,4.959,5.581
1,124,4.974,5.597
1,125,4.988,5.613
1,126,5.002,5.628
1,127,5.017,5.643
1,128,5.031,5.658
1,129,5.045,5.674
1,130,5.059,5.689
1,131,5.073,5.704
1,132,5.086,5.718
1,133,5.1,5.733
1,134,5.113,5.748
1,135,5.127,5.762
1,136,5.14,5.777
1,137,5.154,5.791
1,138,5.167,5.805
1,139,5.18,5.819
1,140,5.193,5.833
1,141,5.206,5.847
1,142,5.219,5.861
1,143,5.231,5.875
1,144,5.244,5.888
1,145,5.256,5.902
1,146,5.269,5.915
1,147,5.281,5.929
1,148,5.294,5.942
1,149,5.306,5.955
1,150,5.318,5.968
1,151,5.33,5.981
1,152,5.342,5.994
1,153,5.354,6.007
1,154,5.365,6.02
1,155,5.377,6.033
1,156,5.389,6.045
1,157,5.4,6.058
1,158,5.412,6.07
1,159,5.423,6.082
1,160,5.434,6.095
1,161,5.445,6.107
1,162,5.457,6.119
1,163,5.468,6.131
1,164,5.479,6.143
1,165,5.49,6.155
1,166,5.5,6.167
1,167,5.511,6.178
1,168,5.522,6.19
1,169,5.533,6.202
1,170,5.543,6.213
1,171,5.554,6.225
1,172,5.564,6.236
1,173,5.575,6.247
1,174,5.585,6.259
1,175,5.595,6.27
1,176,5.605,6.281
1,177,5.616,6.292
1,178,5.626,6.303
1,179,5.636,6.314
1,180,5.646,6.325
1,181,5.656,6.336
1,182,5.665,6.346
1,183,5.675,6.357
1,184,5.685,6.368
1,185,5.695,6.378
1,186,5.704,6.389
1,187,5.714,6.399
1,188,5.723,6.41
1,189,5.733,6.42
1,190,5.742,6.43
1,191,5.751,6.441
1,192,5.761,6.451
1,193,5.77,6.461
1,194,5.779,6.471
1,195,5.788,6.481
1,196,5.797,6.491
1,197,5.807,6.501
1,198,5.815,6.511
1,199,5.824,6.52
1,200,5.833,6.53
1,201,5.842,6.54
1,202,5.851,6.55
1,203,5.86,6.559
1,204,5.868,6.569
1,205,5.877,6.578
1,206,5.886,6.588
1,207,5.894,6.597
1,208,5.903,6.607
1,209,5.911,6.616
1,210,5.92,6.625
1,211,5.928,6.634
1,212,5.937,6.644
1,213,5.945,6.653
1,214,5.953,6.662
1,215,5.961,6.671
1,216,5.97,6.68
1,217,5.978,6.689
1,218,5.986,6.698
1,219,5.994,6.707
1,220,6.002,6.716
1,221,6.01,6.724
1,222,6.018,6.733
1,223,6.026,6.742
1,224,6.034,6.751
1,225,6.042,6.759
1,226,6.049,6.768
1,227,6.057,6.776
1,228,6.065,6.785
1,229,6.073,6.793
1,230,6.08,6.802
1,231,6.088,6.81
1,232,6.096,6.819
1,233,6.103,6.827
1,234,6.111,6.836
1,235,6.118,6.844
1,236,6.126,6.852
1,237,6.133,6.86
1,238,6.141,6.869
1,239,6.148,6.877
1,240,6.156,6.885
1,241,6.163,6.893
1,242,6.17,6.901
1,243,6.177,6.909
1,244,6.185,6.917
1,245,6.192,6.925
1,246,6.199,6.933
1,247,6.206,6.941
1,248,6.213,6.949
1,249,6.221,6.957
1,250,6.228,6.965
1,251,6.235,6.973
1,252,6.242,6.98
1,253,6.249,6.988
1,254,6.256,6.996
1,255,6.263,7.003
1,256,6.27,7.011
1,257,6.277,7.019
1,258,6.283,7.026
1,259,6.29,7.034
1,260,6.297,7.042
1,261,6.304,7.049
1,262,6.311,7.057
1,263,6.318,7.064
1,264,6.324,7.072
1,265,6.331,7.079
1,266,6.338,7.087
1,267,6.345,7.094
1,268,6.351,7.101
1,269,6.358,7.109
1,270,6.365,7.116
1,271,6.371,7.123
1,272,6.378,7.131
1,273,6.384,7.138
1,274,6.391,7.145
1,275,6.397,7.153
1,276,6.404,7.16
1,277,6.41,7.167
1,278,6.417,7.174
1,279,6.423,7.181
1,280,6.43,7.188
1,281,6.436,7.196
1,282,6.442,7.203
1,283,6.449,7.21
1,284,6.455,7.217
1,285,6.461,7.224
1,286,6.468,7.231
1,287,6.474,7.238
1,288,6.481,7.245
1,289,6.487,7.252
1,290,6.493,7.259
1,291,6.499,7.266
1,292,6.505,7.272
1,293,6.512,7.279
1,294,6.518,7.286
1,295,6.524,7.293
1,296,6.53,7.3
1,297,6.536,7.307
1,298,6.542,7.314
1,299,6.549,7.321
1,300,6.555,7.327
1,301,6.561,7.334
1,302,6.567,7.341
1,303,6.573,7.347
1,304,6.579,7.354
1,305,6.585,7.361
1,306,6.591,7.368
1,307,6.597,7.374
1,308,6.603,7.381
1,309,6.609,7.387
1,310,6.615,7.394
1,311,6.621,7.401
1,312,6.627,7.407
1,313,6.633,7.414
1,314,6.639,7.42
1,315,6.645,7.427
1,316,6.65,7.434
1,317,6.656,7.44
1,318,6.662,7.447
1,319,6.668,7.453
1,320,6.674,7.46
1,321,6.68,7.466
1,322,6.685,7.473
1,323,6.691,7.479
1,324,6.697,7.485
1,325,6.703,7.492
1,326,6.708,7.498
1,327,6.714,7.505
1,328,6.72,7.511
1,329,6.726,7.517
1,330,6.731,7.524
1,331,6.737,7.53
1,332,6.743,7.537
1,333,6.749,7.543
1,334,6.754,7.549
1,335,6.76,7.556
1,336,6.765,7.562
1,337,6.771,7.568
1,338,6.777,7.574
1,339,6.783,7.581
1,340,6.788,7.587
1,341,6.794,7.593
1,342,6.799,7.6
1,343,6.805,7.606
1,344,6.811,7.612
1,345,6.816,7.618
1,346,6.822,7.624
1,347,6.827,7.631
1,348,6.833,7.637
1,349,6.838,7.643
1,350,6.844,7.649
1,351,6.849,7.655
1,352,6.855,7.661
1,353,6.86,7.668
1,354,6.866,7.674
1,355,6.872,7.68
1,356,6.877,7.686
1,357,6.882,7.692
1,358,6.888,7.698
1,359,6.893,7.704
1,360,6.899,7.71
1,361,6.904,7.716
1,362,6.91,7.722
1,363,6.915,7.729
1,364,6.92,7.735
1,365,6.926,7.741
1,366,6.931,7.747
1,367,6.937,7.753
1,368,6.942,7.759
1,369,6.948,7.765
1,370,6.953,7.771
1,371,6.958,7.777
1,372,6.964,7.783
1,373,6.969,7.789
1,374,6.974,7.795
1,375,6.979,7.8
1,376,6.985,7.807
1,377,6.99,7.812
1,378,6.995,7.818
1,379,7.001,7.824
1,380,7.006,7.83
1,381,7.011,7.836
1,382,7.017,7.842
1,383,7.022,7.848
1,384,7.027,7.854
1,385,7.033,7.86
1,386,7.038,7.866
1,387,7.043,7.871
1,388,7.048,7.877
1,389,7.054,7.883
1,390,7.059,7.889
1,391,7.064,7.895
1,392,7.069,7.901
1,393,7.074,7.906
1,394,7.079,7.912
1,395,7.085,7.918
1,396,7.09,7.924
1,397,7.095,7.93
1,398,7.1,7.935
1,399,7.105,7.941
1,400,7.111,7.947
1,401,7.116,7.953
1,402,7.121,7.959
1,403,7.126,7.964
1,404,7.131,7.97
1,405,7.136,7.976
1,406,7.141,7.982
1,407,7.147,7.987
1,408,7.152,7.993
1,409,7.157,7.999
1,410,7.162,8.005
1,411,7.167,8.01
1,412,7.172,8.016
1,413,7.177,8.022
1,414,7.182,8.027
1,415,7.187,8.033
1,416,7.192,8.039
1,417,7.198,8.044
1,418,7.203,8.05
1,419,7.208,8.056
1,420,7.213,8.061
1,421,7.218,8.067
1,422,7.223,8.073
1,423,7.228,8.078
1,424,7.233,8.084
1,425,7.238,8.09
1,426,7.243,8.095
1,427,7.248,8.101
1,428,7.253,8.107
1,429,7.258,8.112
1,430,7.263,8.118
1,431,7.268,8.123
1,432,7.273,8.129
1,433,7.278,8.134
1,434,7.283,8.14
1,435,7.288,8.146
1,436,7.293,8.151
1,437,7.298,8.157
1,438,7.303,8.162
1,439,7.308,8.168
1,440,7.313,8.174
1,441,7.318,8.179
1,442,7.323,8.185
1,443,7.328,8.19
1,444,7.333,8.196
1,445,7.337,8.201
1,446,7.342,8.207
1,447,7.347,8.212
1,448,7.352,8.218
1,449,7.357,8.223
1,450,7.362,8.229
1,451,7.367,8.235
1,452,7.372,8.24
1,453,7.377,8.246
1,454,7.382,8.251
1,455,7.386,8.256
1,456,7.391,8.262
1,457,7.396,8.267
1,458,7.401,8.273
1,459,7.406,8.278
1,460,7.411,8.284
1,461,7.416,8.289
1,462,7.421,8.295
1,463,7.426,8.3
1,464,7.431,8.306
1,465,7.435,8.311
1,466,7.44,8.317
1,467,7.445,8.322
1,468,7.45,8.328
1,469,7.455,8.333
1,470,7.46,8.339
1,471,7.465,8.344
1,472,7.469,8.349
1,473,7.474,8.355
1,474,7.479,8.36
1,475,7.484,8.366
1,476,7.488,8.371
1,477,7.493,8.377
1,478,7.498,8.382
1,479,7.503,8.387
1,480,7.508,8.393
1,481,7.513,8.398
1,482,7.518,8.404
1,483,7.522,8.409
1,484,7.527,8.414
1,485,7.532,8.42
1,486,7.537,8.425
1,487,7.541,8.431
1,488,7.546,8.436
1,489,7.551,8.441
1,490,7.556,8.447
1,491,7.561,8.452
1,492,7.565,8.458
1,493,7.57,8.463
1,494,7.575,8.468
1,495,7.58,8.474
1,496,7.584,8.479
1,497,7.589,8.484
1,498,7.594,8.49
1,499,7.599,8.495
1,500,7.603,8.5
1,501,7.608,8.506
1,502,7.613,8.511
1,503,7.618,8.517
1,504,7.622,8.522
1,505,7.627,8.527
1,506,7.632,8.533
1,507,7.637,8.538
1,508,7.641,8.543
1,509,7.646,8.548
1,510,7.651,8.554
1,511,7.655,8.559
1,512,7.66,8.564
1,513,7.665,8.57
1,514,7.669,8.575
1,515,7.674,8.58
1,516,7.679,8.586
1,517,7.683,8.591
1,518,7.688,8.596
1,519,7.693,8.601
1,520,7.697,8.607
1,521,7.702,8.612
1,522,7.707,8.617
1,523,7.711,8.623
1,524,7.716,8.628
1,525,7.721,8.633
1,526,7.725,8.638
1,527,7.73,8.644
1,528,7.735,8.649
1,529,7.739,8.654
1,530,7.744,8.659
1,531,7.749,8.665
1,532,7.753,8.67
1,533,7.758,8.675
1,534,7.763,8.68
1,535,7.767,8.686
1,536,7.772,8.691
1,537,7.777,8.696
1,538,7.781,8.701
1,539,7.786,8.707
1,540,7.79,8.712
1,541,7.795,8.717
1,542,7.8,8.722
1,543,7.804,8.727
1,544,7.809,8.733
1,545,7.813,8.738
1,546,7.818,8.743
1,547,7.823,8.748
1,548,7.827,8.753
1,549,7.832,8.759
1,550,7.836,8.764
1,551,7.841,8.769
1,552,7.846,8.774
1,553,7.85,8.779
1,554,7.855,8.785
1,555,7.859,8.79
1,556,7.864,8.795
1,557,7.868,8.8
1,558,7.873,8.805
1,559,7.878,8.811
1,560,7.882,8.816
1,561,7.887,8.821
1,562,7.891,8.826
1,563,7.896,8.831
1,564,7.9,8.836
1,565,7.905,8.841
1,566,7.909,8.847
1,567,7.914,8.852
1,568,7.919,8.857
1,569,7.923,8.862
1,570,7.928,8.867
1,571,7.932,8.872
1,572,7.937,8.878
1,573,7.941,8.883
1,574,7.946,8.888
1,575,7.95,8.893
1,576,7.955,8.898
1,577,7.959,8.903
1,578,7.964,8.908
1,579,7.968,8.913
1,580,7.973,8.919
1,581,7.977,8.924
1,582,7.982,8.929
1,583,7.986,8.934
1,584,7.991,8.939
1,585,7.995,8.944
1,586,8,8.949
1,587,8.004,8.954
1,588,8.009,8.96
1,589,8.013,8.965
1,590,8.018,8.97
1,591,8.022,8.975
1,592,8.027,8.98
1,593,8.031,8.985
1,594,8.036,8.99
1,595,8.04,8.995
1,596,8.045,9
1,597,8.049,9.005
1,598,8.054,9.01
1,599,8.058,9.016
1,600,8.062,9.021
1,601,8.067,9.026
1,602,8.071,9.031
1,603,8.076,9.036
1,604,8.08,9.041
1,605,8.085,9.046
1,606,8.089,9.051
1,607,8.094,9.056
1,608,8.098,9.061
1,609,8.102,9.066
1,610,8.107,9.072
1,611,8.112,9.077
1,612,8.116,9.082
1,613,8.12,9.087
1,614,8.125,9.092
1,615,8.129,9.097
1,616,8.134,9.102
1,617,8.138,9.107
1,618,8.143,9.112
1,619,8.147,9.117
1,620,8.152,9.122
1,621,8.156,9.127
1,622,8.16,9.132
1,623,8.165,9.137
1,624,8.169,9.142
1,625,8.174,9.147
1,626,8.178,9.153
1,627,8.183,9.158
1,628,8.187,9.163
1,629,8.191,9.168
1,630,8.196,9.173
1,631,8.2,9.178
1,632,8.205,9.183
1,633,8.209,9.188
1,634,8.213,9.193
1,635,8.218,9.198
1,636,8.222,9.203
1,637,8.227,9.208
1,638,8.231,9.213
1,639,8.236,9.218
1,640,8.24,9.223
1,641,8.244,9.228
1,642,8.249,9.233
1,643,8.253,9.238
1,644,8.257,9.243
1,645,8.262,9.248
1,646,8.266,9.253
1,647,8.271,9.258
1,648,8.275,9.263
1,649,8.28,9.268
1,650,8.284,9.273
1,651,8.288,9.278
1,652,8.293,9.283
1,653,8.297,9.288
1,654,8.301,9.293
1,655,8.306,9.298
1,656,8.31,9.303
1,657,8.315,9.308
1,658,8.319,9.313
1,659,8.323,9.318
1,660,8.328,9.323
1,661,8.332,9.328
1,662,8.336,9.333
1,663,8.341,9.338
1,664,8.345,9.343
1,665,8.35,9.348
1,666,8.354,9.353
1,667,8.358,9.358
1,668,8.363,9.363
1,669,8.367,9.368
1,670,8.371,9.373
1,671,8.376,9.378
1,672,8.38,9.383
1,673,8.384,9.388
1,674,8.389,9.393
1,675,8.393,9.398
1,676,8.397,9.403
1,677,8.402,9.408
1,678,8.406,9.413
1,679,8.41,9.418
1,680,8.415,9.423
1,681,8.419,9.428
1,682,8.424,9.433
1,683,8.428,9.438
1,684,8.432,9.443
1,685,8.436,9.448
1,686,8.441,9.453
1,687,8.445,9.458
1,688,8.45,9.463
1,689,8.454,9.468
1,690,8.458,9.473
1,691,8.462,9.478
1,692,8.467,9.483
1,693,8.471,9.488
1,694,8.475,9.493
1,695,8.48,9.498
1,696,8.484,9.503
1,697,8.488,9.507
1,698,8.493,9.513
1,699,8.497,9.517
1,700,8.501,9.522
1,701,8.506,9.527
1,702,8.51,9.532
1,703,8.514,9.537
1,704,8.519,9.542
1,705,8.523,9.547
1,706,8.527,9.552
1,707,8.531,9.557
1,708,8.536,9.562
1,709,8.54,9.567
1,710,8.544,9.572
1,711,8.549,9.577
1,712,8.553,9.582
1,713,8.557,9.587
1,714,8.561,9.591
1,715,8.566,9.596
1,716,8.57,9.601
1,717,8.574,9.606
1,718,8.578,9.611
1,719,8.583,9.616
1,720,8.587,9.621
1,721,8.591,9.626
1,722,8.596,9.631
1,723,8.6,9.636
1,724,8.604,9.641
1,725,8.608,9.645
1,726,8.613,9.65
1,727,8.617,9.655
1,728,8.621,9.66
1,729,8.626,9.665
1,730,8.63,9.67
1,731,8.634,9.675
1,732,8.638,9.68
1,733,8.643,9.685
1,734,8.647,9.69
1,735,8.651,9.694
1,736,8.655,9.699
1,737,8.659,9.704
1,738,8.664,9.709
1,739,8.668,9.714
1,740,8.672,9.719
1,741,8.677,9.724
1,742,8.681,9.729
1,743,8.685,9.734
1,744,8.689,9.738
1,745,8.693,9.743
1,746,8.698,9.748
1,747,8.702,9.753
1,748,8.706,9.758
1,749,8.71,9.763
1,750,8.714,9.767
1,751,8.719,9.772
1,752,8.723,9.777
1,753,8.727,9.782
1,754,8.731,9.787
1,755,8.736,9.792
1,756,8.74,9.797
1,757,8.744,9.801
1,758,8.748,9.806
1,759,8.752,9.811
1,760,8.756,9.816
1,761,8.761,9.821
1,762,8.765,9.826
1,763,8.769,9.83
1,764,8.773,9.835
1,765,8.777,9.84
1,766,8.781,9.845
1,767,8.786,9.85
1,768,8.79,9.855
1,769,8.794,9.859
1,770,8.798,9.864
1,771,8.803,9.869
1,772,8.807,9.874
1,773,8.811,9.879
1,774,8.815,9.883
1,775,8.819,9.888
1,776,8.823,9.893
1,777,8.827,9.898
1,778,8.831,9.902
1,779,8.836,9.907
1,780,8.84,9.912
1,781,8.844,9.917
1,782,8.848,9.922
1,783,8.852,9.926
1,784,8.856,9.931
1,785,8.86,9.936
1,786,8.864,9.941
1,787,8.869,9.945
1,788,8.873,9.95
1,789,8.877,9.955
1,790,8.881,9.96
1,791,8.885,9.964
1,792,8.889,9.969
1,793,8.893,9.974
1,794,8.898,9.979
1,795,8.902,9.983
1,796,8.906,9.988
1,797,8.91,9.993
1,798,8.914,9.998
1,799,8.918,10.002
1,800,8.922,10.007
1,801,8.926,10.012
1,802,8.93,10.016
1,803,8.934,10.021
1,804,8.938,10.026
1,805,8.942,10.031
1,806,8.946,10.035
1,807,8.951,10.04
1,808,8.955,10.045
1,809,8.959,10.049
1,810,8.963,10.054
1,811,8.967,10.059
1,812,8.971,10.063
1,813,8.975,10.068
1,814,8.979,10.073
1,815,8.983,10.077
1,816,8.987,10.082
1,817,8.991,10.087
1,818,8.995,10.091
1,819,8.999,10.096
1,820,9.003,10.101
1,821,9.007,10.106
1,822,9.011,10.11
1,823,9.015,10.115
1,824,9.019,10.119
1,825,9.023,10.124
1,826,9.027,10.129
1,827,9.031,10.133
1,828,9.035,10.138
1,829,9.039,10.143
1,830,9.043,10.147
1,831,9.047,10.152
1,832,9.051,10.156
1,833,9.055,10.161
1,834,9.059,10.166
1,835,9.063,10.17
1,836,9.067,10.175
1,837,9.071,10.18
1,838,9.075,10.184
1,839,9.079,10.189
1,840,9.083,10.193
1,841,9.087,10.198
1,842,9.091,10.202
1,843,9.095,10.207
1,844,9.099,10.212
1,845,9.103,10.216
1,846,9.107,10.221
1,847,9.111,10.226
1,848,9.115,10.23
1,849,9.119,10.235
1,850,9.123,10.239
1,851,9.127,10.244
1,852,9.13,10.248
1,853,9.134,10.253
1,854,9.138,10.257
1,855,9.142,10.262
1,856,9.146,10.266
1,857,9.15,10.271
1,858,9.154,10.275
1,859,9.158,10.28
1,860,9.162,10.285
1,861,9.166,10.289
1,862,9.169,10.294
1,863,9.174,10.298
1,864,9.177,10.303
1,865,9.181,10.307
1,866,9.185,10.312
1,867,9.189,10.316
1,868,9.193,10.321
1,869,9.197,10.325
1,870,9.201,10.33
1,871,9.205,10.334
1,872,9.208,10.339
1,873,9.212,10.343
1,874,9.216,10.348
1,875,9.22,10.352
1,876,9.224,10.356
1,877,9.228,10.361
1,878,9.232,10.366
1,879,9.236,10.37
1,880,9.239,10.375
1,881,9.243,10.379
1,882,9.247,10.383
1,883,9.251,10.388
1,884,9.255,10.392
1,885,9.259,10.397
1,886,9.262,10.401
1,887,9.266,10.406
1,888,9.27,10.41
1,889,9.274,10.414
1,890,9.278,10.419
1,891,9.281,10.423
1,892,9.285,10.428
1,893,9.289,10.432
1,894,9.293,10.437
1,895,9.297,10.441
1,896,9.301,10.445
1,897,9.304,10.45
1,898,9.308,10.454
1,899,9.312,10.459
1,900,9.316,10.463
1,901,9.319,10.467
1,902,9.323,10.472
1,903,9.327,10.476
1,904,9.331,10.481
1,905,9.335,10.485
1,906,9.338,10.49
1,907,9.342,10.494
1,908,9.346,10.498
1,909,9.35,10.503
1,910,9.353,10.507
1,911,9.357,10.511
1,912,9.361,10.516
1,913,9.365,10.52
1,914,9.368,10.524
1,915,9.372,10.529
1,916,9.376,10.533
1,917,9.38,10.538
1,918,9.384,10.542
1,919,9.387,10.546
1,920,9.391,10.55
1,921,9.395,10.555
1,922,9.398,10.559
1,923,9.402,10.563
1,924,9.406,10.568
1,925,9.409,10.572
1,926,9.413,10.577
1,927,9.417,10.581
1,928,9.421,10.585
1,929,9.425,10.589
1,930,9.428,10.594
1,931,9.432,10.598
1,932,9.436,10.602
1,933,9.439,10.607
1,934,9.443,10.611
1,935,9.447,10.615
1,936,9.45,10.619
1,937,9.454,10.624
1,938,9.458,10.628
1,939,9.461,10.632
1,940,9.465,10.637
1,941,9.469,10.641
1,942,9.472,10.645
1,943,9.476,10.649
1,944,9.48,10.654
1,945,9.483,10.658
1,946,9.487,10.662
1,947,9.491,10.667
1,948,9.495,10.671
1,949,9.498,10.675
1,950,9.502,10.679
1,951,9.505,10.684
1,952,9.509,10.688
1,953,9.513,10.692
1,954,9.516,10.696
1,955,9.52,10.701
1,956,9.524,10.705
1,957,9.528,10.709
1,958,9.531,10.713
1,959,9.535,10.718
1,960,9.538,10.722
1,961,9.542,10.726
1,962,9.545,10.73
1,963,9.549,10.734
1,964,9.553,10.739
1,965,9.557,10.743
1,966,9.56,10.747
1,967,9.564,10.751
1,968,9.567,10.756
1,969,9.571,10.76
1,970,9.575,10.764
1,971,9.578,10.768
1,972,9.582,10.773
1,973,9.585,10.777
1,974,9.589,10.781
1,975,9.593,10.785
1,976,9.596,10.789
1,977,9.6,10.793
1,978,9.603,10.797
1,979,9.607,10.802
1,980,9.611,10.806
1,981,9.614,10.81
1,982,9.618,10.814
1,983,9.621,10.818
1,984,9.625,10.823
1,985,9.628,10.827
1,986,9.632,10.831
1,987,9.636,10.835
1,988,9.639,10.839
1,989,9.643,10.844
1,990,9.646,10.848
1,991,9.65,10.852
1,992,9.653,10.856
1,993,9.657,10.86
1,994,9.661,10.864
1,995,9.664,10.868
1,996,9.668,10.873
1,997,9.671,10.877
1,998,9.675,10.881
1,999,9.678,10.885
1,1000,9.682,10.889
1,1001,9.686,10.893
1,1002,9.689,10.897
1,1003,9.693,10.902
1,1004,9.696,10.906
1,1005,9.7,10.91
1,1006,9.703,10.914
1,1007,9.707,10.918
1,1008,9.711,10.922
1,1009,9.714,10.926
1,1010,9.718,10.93
1,1011,9.721,10.935
1,1012,9.724,10.939
1,1013,9.728,10.943
1,1014,9.732,10.947
1,1015,9.735,10.951
1,1016,9.739,10.955
1,1017,9.742,10.959
1,1018,9.746,10.963
1,1019,9.749,10.968
1,1020,9.753,10.972
1,1021,9.756,10.976
1,1022,9.76,10.98
1,1023,9.763,10.984
1,1024,9.767,10.988
1,1025,9.771,10.992
1,1026,9.774,10.996
1,1027,9.777,11
1,1028,9.781,11.004
1,1029,9.784,11.008
1,1030,9.788,11.013
1,1031,9.792,11.017
1,1032,9.795,11.021
1,1033,9.799,11.025
1,1034,9.802,11.029
1,1035,9.806,11.033
1,1036,9.809,11.037
1,1037,9.813,11.041
1,1038,9.816,11.045
1,1039,9.82,11.049
1,1040,9.823,11.053
1,1041,9.827,11.058
1,1042,9.83,11.062
1,1043,9.834,11.066
1,1044,9.837,11.07
1,1045,9.841,11.074
1,1046,9.844,11.078
1,1047,9.848,11.082
1,1048,9.851,11.086
1,1049,9.855,11.09
1,1050,9.858,11.094
1,1051,9.862,11.098
1,1052,9.865,11.102
1,1053,9.868,11.106
1,1054,9.872,11.11
1,1055,9.876,11.114
1,1056,9.879,11.118
1,1057,9.882,11.123
1,1058,9.886,11.127
1,1059,9.89,11.131
1,1060,9.893,11.135
1,1061,9.896,11.139
1,1062,9.9,11.143
1,1063,9.903,11.147
1,1064,9.907,11.151
1,1065,9.91,11.155
1,1066,9.914,11.159
1,1067,9.917,11.163
1,1068,9.921,11.167
1,1069,9.924,11.171
1,1070,9.928,11.175
1,1071,9.931,11.179
1,1072,9.935,11.183
1,1073,9.938,11.187
1,1074,9.942,11.191
1,1075,9.945,11.195
1,1076,9.949,11.2
1,1077,9.952,11.204
1,1078,9.955,11.207
1,1079,9.959,11.211
1,1080,9.962,11.216
1,1081,9.966,11.22
1,1082,9.969,11.224
1,1083,9.973,11.228
1,1084,9.976,11.232
1,1085,9.98,11.236
1,1086,9.983,11.24
1,1087,9.986,11.244
1,1088,9.99,11.248
1,1089,9.993,11.252
1,1090,9.997,11.256
1,1091,10,11.26
1,1092,10.004,11.264
1,1093,10.007,11.268
1,1094,10.011,11.272
1,1095,10.014,11.276
1,1096,10.018,11.28
1,1097,10.021,11.284
1,1098,10.024,11.288
1,1099,10.028,11.292
1,1100,10.031,11.296
1,1101,10.035,11.3
1,1102,10.038,11.304
1,1103,10.042,11.308
1,1104,10.045,11.312
1,1105,10.049,11.316
1,1106,10.052,11.32
1,1107,10.056,11.324
1,1108,10.059,11.328
1,1109,10.062,11.332
1,1110,10.066,11.336
1,1111,10.069,11.34
1,1112,10.073,11.344
1,1113,10.076,11.348
1,1114,10.08,11.352
1,1115,10.083,11.356
1,1116,10.086,11.36
1,1117,10.09,11.364
1,1118,10.093,11.368
1,1119,10.097,11.372
1,1120,10.1,11.376
1,1121,10.104,11.38
1,1122,10.107,11.384
1,1123,10.11,11.388
1,1124,10.114,11.392
1,1125,10.117,11.396
1,1126,10.121,11.4
1,1127,10.124,11.404
1,1128,10.128,11.408
1,1129,10.131,11.412
1,1130,10.134,11.416
1,1131,10.138,11.42
1,1132,10.141,11.424
1,1133,10.145,11.428
1,1134,10.148,11.432
1,1135,10.152,11.436
1,1136,10.155,11.44
1,1137,10.158,11.444
1,1138,10.162,11.448
1,1139,10.165,11.452
1,1140,10.169,11.456
1,1141,10.172,11.46
1,1142,10.176,11.464
1,1143,10.179,11.468
1,1144,10.182,11.472
1,1145,10.186,11.476
1,1146,10.189,11.48
1,1147,10.193,11.484
1,1148,10.196,11.488
1,1149,10.2,11.492
1,1150,10.203,11.496
1,1151,10.206,11.5
1,1152,10.21,11.504
1,1153,10.213,11.508
1,1154,10.216,11.512
1,1155,10.22,11.516
1,1156,10.223,11.52
1,1157,10.227,11.524
1,1158,10.23,11.528
1,1159,10.234,11.532
1,1160,10.237,11.536
1,1161,10.24,11.54
1,1162,10.244,11.544
1,1163,10.247,11.548
1,1164,10.251,11.552
1,1165,10.254,11.556
1,1166,10.258,11.56
1,1167,10.261,11.564
1,1168,10.264,11.568
1,1169,10.268,11.572
1,1170,10.271,11.576
1,1171,10.275,11.58
1,1172,10.278,11.584
1,1173,10.281,11.587
1,1174,10.285,11.592
1,1175,10.288,11.595
1,1176,10.292,11.599
1,1177,10.295,11.604
1,1178,10.299,11.607
1,1179,10.302,11.611
1,1180,10.305,11.615
1,1181,10.309,11.619
1,1182,10.312,11.623
1,1183,10.315,11.627
1,1184,10.319,11.631
1,1185,10.322,11.635
1,1186,10.326,11.639
1,1187,10.329,11.643
1,1188,10.333,11.647
1,1189,10.336,11.651
1,1190,10.339,11.655
1,1191,10.343,11.659
1,1192,10.346,11.663
1,1193,10.35,11.667
1,1194,10.353,11.671
1,1195,10.356,11.675
1,1196,10.36,11.679
1,1197,10.363,11.683
1,1198,10.367,11.687
1,1199,10.37,11.691
1,1200,10.373,11.695
1,1201,10.377,11.699
1,1202,10.38,11.703
1,1203,10.384,11.707
1,1204,10.387,11.711
1,1205,10.391,11.715
1,1206,10.394,11.719
1,1207,10.397,11.723
1,1208,10.401,11.727
1,1209,10.404,11.731
1,1210,10.407,11.734
1,1211,10.411,11.739
1,1212,10.414,11.742
1,1213,10.418,11.746
1,1214,10.421,11.75
1,1215,10.425,11.754
1,1216,10.428,11.758
1,1217,10.431,11.762
1,1218,10.435,11.766
1,1219,10.438,11.77
1,1220,10.442,11.774
1,1221,10.445,11.778
1,1222,10.448,11.782
1,1223,10.452,11.786
1,1224,10.455,11.79
1,1225,10.458,11.794
1,1226,10.462,11.798
1,1227,10.465,11.802
1,1228,10.469,11.806
1,1229,10.472,11.81
1,1230,10.475,11.814
1,1231,10.479,11.818
1,1232,10.482,11.822
1,1233,10.486,11.826
1,1234,10.489,11.83
1,1235,10.492,11.834
1,1236,10.496,11.838
1,1237,10.499,11.842
1,1238,10.502,11.845
1,1239,10.506,11.85
1,1240,10.509,11.853
1,1241,10.513,11.857
1,1242,10.516,11.861
1,1243,10.52,11.865
1,1244,10.523,11.869
1,1245,10.526,11.873
1,1246,10.53,11.877
1,1247,10.533,11.881
1,1248,10.537,11.885
1,1249,10.54,11.889
1,1250,10.543,11.893
1,1251,10.546,11.897
1,1252,10.55,11.901
1,1253,10.553,11.905
1,1254,10.557,11.909
1,1255,10.56,11.913
1,1256,10.563,11.917
1,1257,10.567,11.921
1,1258,10.57,11.925
1,1259,10.574,11.929
1,1260,10.577,11.932
1,1261,10.581,11.937
1,1262,10.584,11.94
1,1263,10.587,11.944
1,1264,10.59,11.948
1,1265,10.594,11.952
1,1266,10.597,11.956
1,1267,10.601,11.96
1,1268,10.604,11.964
1,1269,10.607,11.968
1,1270,10.611,11.972
1,1271,10.614,11.976
1,1272,10.618,11.98
1,1273,10.621,11.984
1,1274,10.624,11.988
1,1275,10.628,11.992
1,1276,10.631,11.996
1,1277,10.634,11.999
1,1278,10.638,12.004
1,1279,10.641,12.007
1,1280,10.644,12.011
1,1281,10.648,12.015
1,1282,10.651,12.019
1,1283,10.655,12.023
1,1284,10.658,12.027
1,1285,10.661,12.031
1,1286,10.665,12.035
1,1287,10.668,12.039
1,1288,10.671,12.043
1,1289,10.675,12.047
1,1290,10.678,12.051
1,1291,10.681,12.055
1,1292,10.685,12.059
1,1293,10.688,12.063
1,1294,10.691,12.066
1,1295,10.695,12.07
1,1296,10.698,12.074
1,1297,10.702,12.078
1,1298,10.705,12.082
1,1299,10.708,12.086
1,1300,10.712,12.09
1,1301,10.715,12.094
1,1302,10.718,12.098
1,1303,10.722,12.102
1,1304,10.725,12.106
1,1305,10.728,12.11
1,1306,10.732,12.114
1,1307,10.735,12.118
1,1308,10.738,12.121
1,1309,10.742,12.125
1,1310,10.745,12.129
1,1311,10.749,12.133
1,1312,10.752,12.137
1,1313,10.755,12.141
1,1314,10.758,12.145
1,1315,10.762,12.149
1,1316,10.765,12.153
1,1317,10.768,12.157
1,1318,10.772,12.161
1,1319,10.775,12.165
1,1320,10.779,12.168
1,1321,10.782,12.172
1,1322,10.785,12.176
1,1323,10.789,12.18
1,1324,10.792,12.184
1,1325,10.795,12.188
1,1326,10.798,12.192
1,1327,10.802,12.196
1,1328,10.805,12.2
1,1329,10.808,12.204
1,1330,10.812,12.208
1,1331,10.815,12.211
1,1332,10.819,12.215
1,1333,10.822,12.219
1,1334,10.825,12.223
1,1335,10.828,12.227
1,1336,10.832,12.231
1,1337,10.835,12.235
1,1338,10.838,12.239
1,1339,10.842,12.243
1,1340,10.845,12.247
1,1341,10.848,12.251
1,1342,10.852,12.254
1,1343,10.855,12.258
1,1344,10.858,12.262
1,1345,10.861,12.266
1,1346,10.865,12.27
1,1347,10.868,12.274
1,1348,10.871,12.278
1,1349,10.875,12.282
1,1350,10.878,12.285
1,1351,10.882,12.29
1,1352,10.885,12.293
1,1353,10.888,12.297
1,1354,10.891,12.301
1,1355,10.895,12.305
1,1356,10.898,12.309
1,1357,10.901,12.313
1,1358,10.905,12.317
1,1359,10.908,12.32
1,1360,10.911,12.324
1,1361,10.915,12.328
1,1362,10.918,12.332
1,1363,10.921,12.336
1,1364,10.924,12.34
1,1365,10.928,12.344
1,1366,10.931,12.348
1,1367,10.934,12.352
1,1368,10.938,12.355
1,1369,10.941,12.359
1,1370,10.944,12.363
1,1371,10.947,12.367
1,1372,10.95,12.371
1,1373,10.954,12.375
1,1374,10.957,12.379
1,1375,10.961,12.383
1,1376,10.964,12.386
1,1377,10.967,12.39
1,1378,10.97,12.394
1,1379,10.974,12.398
1,1380,10.977,12.402
1,1381,10.98,12.406
1,1382,10.983,12.41
1,1383,10.987,12.413
1,1384,10.99,12.417
1,1385,10.993,12.421
1,1386,10.997,12.425
1,1387,11,12.429
1,1388,11.003,12.433
1,1389,11.006,12.437
1,1390,11.01,12.44
1,1391,11.013,12.444
1,1392,11.016,12.448
1,1393,11.02,12.452
1,1394,11.023,12.456
1,1395,11.026,12.46
1,1396,11.029,12.464
1,1397,11.032,12.467
1,1398,11.036,12.471
1,1399,11.039,12.475
1,1400,11.042,12.479
1,1401,11.046,12.483
1,1402,11.049,12.487
1,1403,11.052,12.491
1,1404,11.055,12.494
1,1405,11.059,12.498
1,1406,11.062,12.502
1,1407,11.065,12.506
1,1408,11.069,12.51
1,1409,11.072,12.514
1,1410,11.075,12.518
1,1411,11.078,12.521
1,1412,11.081,12.525
1,1413,11.085,12.529
1,1414,11.088,12.533
1,1415,11.091,12.537
1,1416,11.094,12.54
1,1417,11.098,12.545
1,1418,11.101,12.548
1,1419,11.104,12.552
1,1420,11.107,12.556
1,1421,11.111,12.56
1,1422,11.114,12.564
1,1423,11.117,12.567
1,1424,11.12,12.571
1,1425,11.123,12.575
1,1426,11.127,12.579
1,1427,11.13,12.583
1,1428,11.133,12.587
1,1429,11.137,12.591
1,1430,11.14,12.594
1,1431,11.143,12.598
1,1432,11.146,12.602
1,1433,11.149,12.606
1,1434,11.153,12.61
1,1435,11.156,12.613
1,1436,11.159,12.617
1,1437,11.162,12.621
1,1438,11.165,12.625
1,1439,11.169,12.629
1,1440,11.172,12.633
1,1441,11.175,12.636
1,1442,11.179,12.64
1,1443,11.182,12.644
1,1444,11.185,12.648
1,1445,11.188,12.652
1,1446,11.191,12.655
1,1447,11.195,12.659
1,1448,11.198,12.663
1,1449,11.201,12.667
1,1450,11.204,12.671
1,1451,11.207,12.674
1,1452,11.211,12.678
1,1453,11.214,12.682
1,1454,11.217,12.686
1,1455,11.221,12.69
1,1456,11.224,12.694
1,1457,11.227,12.697
1,1458,11.23,12.701
1,1459,11.233,12.705
1,1460,11.236,12.709
1,1461,11.24,12.713
1,1462,11.243,12.716
1,1463,11.246,12.72
1,1464,11.249,12.724
1,1465,11.252,12.728
1,1466,11.256,12.732
1,1467,11.259,12.735
1,1468,11.262,12.739
1,1469,11.265,12.743
1,1470,11.268,12.747
1,1471,11.272,12.751
1,1472,11.275,12.754
1,1473,11.278,12.758
1,1474,11.281,12.762
1,1475,11.284,12.766
1,1476,11.288,12.77
1,1477,11.291,12.773
1,1478,11.294,12.777
1,1479,11.297,12.781
1,1480,11.3,12.785
1,1481,11.303,12.788
1,1482,11.307,12.792
1,1483,11.31,12.796
1,1484,11.313,12.8
1,1485,11.317,12.804
1,1486,11.32,12.808
1,1487,11.323,12.811
1,1488,11.326,12.815
1,1489,11.329,12.819
1,1490,11.332,12.823
1,1491,11.336,12.827
1,1492,11.339,12.83
1,1493,11.342,12.834
1,1494,11.345,12.838
1,1495,11.348,12.842
1,1496,11.351,12.845
1,1497,11.355,12.849
1,1498,11.358,12.853
1,1499,11.361,12.857
1,1500,11.364,12.861
1,1501,11.367,12.864
1,1502,11.371,12.868
1,1503,11.374,12.872
1,1504,11.377,12.876
1,1505,11.38,12.879
1,1506,11.383,12.883
1,1507,11.386,12.887
1,1508,11.39,12.891
1,1509,11.393,12.895
1,1510,11.396,12.898
1,1511,11.399,12.902
1,1512,11.402,12.906
1,1513,11.405,12.91
1,1514,11.408,12.913
1,1515,11.411,12.917
1,1516,11.415,12.921
1,1517,11.418,12.925
1,1518,11.421,12.928
1,1519,11.424,12.932
1,1520,11.427,12.936
1,1521,11.431,12.94
1,1522,11.434,12.944
1,1523,11.437,12.947
1,1524,11.44,12.951
1,1525,11.443,12.955
1,1526,11.446,12.959
1,1527,11.449,12.962
1,1528,11.453,12.966
1,1529,11.456,12.97
1,1530,11.459,12.974
1,1531,11.462,12.977
1,1532,11.465,12.981
1,1533,11.469,12.985
1,1534,11.472,12.989
1,1535,11.475,12.993
1,1536,11.478,12.996
1,1537,11.481,13
1,1538,11.484,13.004
1,1539,11.488,13.008
1,1540,11.491,13.011
1,1541,11.494,13.015
1,1542,11.497,13.019
1,1543,11.5,13.023
1,1544,11.503,13.026
1,1545,11.506,13.03
1,1546,11.509,13.034
1,1547,11.512,13.037
1,1548,11.516,13.041
1,1549,11.519,13.045
1,1550,11.522,13.049
1,1551,11.525,13.053
1,1552,11.528,13.056
1,1553,11.531,13.06
1,1554,11.535,13.064
1,1555,11.538,13.068
1,1556,11.541,13.071
1,1557,11.544,13.075
1,1558,11.547,13.079
1,1559,11.55,13.083
1,1560,11.554,13.086
1,1561,11.557,13.09
1,1562,11.56,13.094
1,1563,11.563,13.097
1,1564,11.566,13.101
1,1565,11.569,13.105
1,1566,11.572,13.109
1,1567,11.575,13.113
1,1568,11.578,13.116
1,1569,11.582,13.12
1,1570,11.585,13.124
1,1571,11.588,13.128
1,1572,11.591,13.131
1,1573,11.594,13.135
1,1574,11.597,13.139
1,1575,11.601,13.143
1,1576,11.604,13.146
1,1577,11.607,13.15
1,1578,11.61,13.154
1,1579,11.613,13.157
1,1580,11.616,13.161
1,1581,11.619,13.165
1,1582,11.622,13.169
1,1583,11.625,13.172
1,1584,11.629,13.176
1,1585,11.632,13.18
1,1586,11.635,13.184
1,1587,11.638,13.188
1,1588,11.641,13.191
1,1589,11.644,13.195
1,1590,11.647,13.199
1,1591,11.65,13.202
1,1592,11.653,13.206
1,1593,11.657,13.21
1,1594,11.66,13.214
1,1595,11.663,13.217
1,1596,11.666,13.221
1,1597,11.669,13.225
1,1598,11.672,13.229
1,1599,11.675,13.232
1,1600,11.679,13.236
1,1601,11.682,13.24
1,1602,11.685,13.244
1,1603,11.688,13.247
1,1604,11.691,13.251
1,1605,11.694,13.255
1,1606,11.697,13.258
1,1607,11.7,13.262
1,1608,11.703,13.266
1,1609,11.707,13.27
1,1610,11.71,13.273
1,1611,11.713,13.277
1,1612,11.716,13.281
1,1613,11.719,13.285
1,1614,11.722,13.288
1,1615,11.725,13.292
1,1616,11.728,13.296
1,1617,11.731,13.299
1,1618,11.734,13.303
1,1619,11.738,13.307
1,1620,11.741,13.311
1,1621,11.744,13.314
1,1622,11.747,13.318
1,1623,11.75,13.322
1,1624,11.753,13.326
1,1625,11.756,13.329
1,1626,11.759,13.333
1,1627,11.762,13.337
1,1628,11.765,13.34
1,1629,11.769,13.344
1,1630,11.772,13.348
1,1631,11.775,13.351
1,1632,11.778,13.355
1,1633,11.781,13.359
1,1634,11.784,13.363
1,1635,11.787,13.366
1,1636,11.79,13.37
1,1637,11.793,13.374
1,1638,11.797,13.377
1,1639,11.8,13.381
1,1640,11.803,13.385
1,1641,11.806,13.389
1,1642,11.809,13.392
1,1643,11.812,13.396
1,1644,11.815,13.4
1,1645,11.818,13.404
1,1646,11.822,13.407
1,1647,11.824,13.411
1,1648,11.827,13.415
1,1649,11.831,13.418
1,1650,11.834,13.422
1,1651,11.837,13.426
1,1652,11.84,13.43
1,1653,11.843,13.433
1,1654,11.846,13.437
1,1655,11.849,13.441
1,1656,11.852,13.444
1,1657,11.855,13.448
1,1658,11.858,13.452
1,1659,11.861,13.455
1,1660,11.865,13.459
1,1661,11.868,13.463
1,1662,11.871,13.467
1,1663,11.874,13.47
1,1664,11.877,13.474
1,1665,11.88,13.478
1,1666,11.883,13.481
1,1667,11.886,13.485
1,1668,11.889,13.489
1,1669,11.892,13.492
1,1670,11.895,13.496
1,1671,11.898,13.5
1,1672,11.902,13.504
1,1673,11.905,13.507
1,1674,11.908,13.511
1,1675,11.911,13.515
1,1676,11.914,13.518
1,1677,11.917,13.522
1,1678,11.92,13.526
1,1679,11.923,13.529
1,1680,11.926,13.533
1,1681,11.929,13.537
1,1682,11.932,13.541
1,1683,11.936,13.544
1,1684,11.938,13.548
1,1685,11.941,13.551
1,1686,11.944,13.555
1,1687,11.948,13.559
1,1688,11.951,13.563
1,1689,11.954,13.566
1,1690,11.957,13.57
1,1691,11.96,13.574
1,1692,11.963,13.578
1,1693,11.966,13.581
1,1694,11.969,13.585
1,1695,11.972,13.588
1,1696,11.975,13.592
1,1697,11.978,13.596
1,1698,11.981,13.6
1,1699,11.985,13.603
1,1700,11.988,13.607
1,1701,11.991,13.611
1,1702,11.994,13.614
1,1703,11.997,13.618
1,1704,12,13.622
1,1705,12.003,13.625
1,1706,12.006,13.629
1,1707,12.009,13.633
1,1708,12.012,13.636
1,1709,12.015,13.64
1,1710,12.018,13.644
1,1711,12.021,13.647
1,1712,12.024,13.651
1,1713,12.027,13.655
1,1714,12.03,13.658
1,1715,12.033,13.662
1,1716,12.037,13.666
1,1717,12.04,13.67
1,1718,12.043,13.673
1,1719,12.046,13.677
1,1720,12.049,13.68
1,1721,12.052,13.684
1,1722,12.055,13.688
1,1723,12.058,13.691
1,1724,12.061,13.695
1,1725,12.064,13.699
1,1726,12.067,13.703
1,1727,12.07,13.706
1,1728,12.073,13.71
1,1729,12.076,13.713
1,1730,12.079,13.717
1,1731,12.082,13.721
1,1732,12.085,13.725
1,1733,12.088,13.728
1,1734,12.091,13.732
1,1735,12.094,13.736
1,1736,12.098,13.739
1,1737,12.101,13.743
1,1738,12.103,13.746
1,1739,12.106,13.75
1,1740,12.11,13.754
1,1741,12.113,13.758
1,1742,12.116,13.761
1,1743,12.119,13.765
1,1744,12.122,13.769
1,1745,12.125,13.772
1,1746,12.128,13.776
1,1747,12.131,13.779
1,1748,12.134,13.783
1,1749,12.137,13.787
1,1750,12.14,13.791
1,1751,12.143,13.794
1,1752,12.146,13.798
1,1753,12.149,13.802
1,1754,12.152,13.805
1,1755,12.155,13.809
1,1756,12.158,13.812
1,1757,12.161,13.816
1,1758,12.164,13.82
1,1759,12.167,13.823
1,1760,12.17,13.827
1,1761,12.173,13.831
1,1762,12.176,13.834
1,1763,12.18,13.838
1,1764,12.183,13.842
1,1765,12.185,13.845
1,1766,12.188,13.849
1,1767,12.192,13.853
1,1768,12.195,13.856
1,1769,12.198,13.86
1,1770,12.201,13.864
1,1771,12.204,13.867
1,1772,12.207,13.871
1,1773,12.21,13.875
1,1774,12.213,13.878
1,1775,12.216,13.882
1,1776,12.219,13.885
1,1777,12.222,13.889
1,1778,12.225,13.893
1,1779,12.228,13.897
1,1780,12.231,13.9
1,1781,12.234,13.904
1,1782,12.237,13.907
1,1783,12.24,13.911
1,1784,12.243,13.915
1,1785,12.246,13.918
1,1786,12.249,13.922
1,1787,12.252,13.926
1,1788,12.255,13.929
1,1789,12.258,13.933
1,1790,12.261,13.937
1,1791,12.264,13.94
1,1792,12.267,13.944
1,1793,12.27,13.947
1,1794,12.273,13.951
1,1795,12.276,13.955
1,1796,12.279,13.958
1,1797,12.282,13.962
1,1798,12.285,13.966
1,1799,12.288,13.969
1,1800,12.291,13.973
1,1801,12.294,13.977
1,1802,12.297,13.98
1,1803,12.3,13.984
1,1804,12.303,13.987
1,1805,12.306,13.991
1,1806,12.309,13.995
1,1807,12.312,13.998
1,1808,12.315,14.002
1,1809,12.318,14.006
1,1810,12.321,14.009
1,1811,12.324,14.013
1,1812,12.327,14.017
1,1813,12.33,14.02
1,1814,12.333,14.024
1,1815,12.336,14.027
1,1816,12.339,14.031
1,1817,12.342,14.035
1,1818,12.345,14.038
1,1819,12.348,14.042
1,1820,12.351,14.046
1,1821,12.354,14.049
1,1822,12.358,14.053
1,1823,12.36,14.056
1,1824,12.363,14.06
1,1825,12.366,14.063
1,1826,12.369,14.067
1,1827,12.372,14.071
1,1828,12.375,14.074
1,1829,12.378,14.078
1,1830,12.381,14.082
1,1831,12.384,14.085
1,1832,12.387,14.089
1,1833,12.39,14.093
1,1834,12.393,14.096
1,1835,12.396,14.1
1,1836,12.399,14.103
1,1837,12.402,14.107
1,1838,12.405,14.111
1,1839,12.408,14.114
1,1840,12.411,14.118
1,1841,12.414,14.121
1,1842,12.417,14.125
1,1843,12.42,14.129
1,1844,12.423,14.132
1,1845,12.426,14.136
1,1846,12.429,14.139
1,1847,12.432,14.143
1,1848,12.435,14.147
1,1849,12.438,14.15
1,1850,12.441,14.154
1,1851,12.444,14.158
1,1852,12.447,14.161
1,1853,12.45,14.165
1,1854,12.453,14.168
1,1855,12.456,14.172
1,1856,12.459,14.175
1,1857,12.718,14.367
1,1858,12.718,14.367
1,1859,12.718,14.367
1,1860,12.718,14.367
1,1861,12.718,14.367
1,1862,12.718,14.367
1,1863,12.718,14.367
1,1864,12.718,14.367
1,1865,12.718,14.367
1,1866,12.718,14.367
1,1867,12.718,14.367
1,1868,12.718,14.367
1,1869,12.718,14.367
1,1870,12.718,14.367
1,1871,12.718,14.367
1,1872,12.718,14.367
1,1873,12.718,14.367
1,1874,12.718,14.367
1,1875,12.718,14.367
1,1876,12.718,14.367
1,1877,12.718,14.367
1,1878,12.718,14.367
1,1879,12.718,14.367
1,1880,12.718,14.367
1,1881,12.718,14.367
1,1882,12.718,14.367
1,1883,12.718,14.367
1,1884,12.718,14.367
1,1885,12.718,14.367
1,1886,12.718,14.367
1,1887,12.718,14.367
1,1888,12.833,14.496
1,1889,12.833,14.496
1,1890,12.833,14.496
1,1891,12.833,14.496
1,1892,12.833,14.496
1,1893,12.833,14.496
1,1894,12.833,14.496
1,1895,12.833,14.496
1,1896,12.833,14.496
1,1897,12.833,14.496
1,1898,12.833,14.496
1,1899,12.833,14.496
1,1900,12.833,14.496
1,1901,12.833,14.496
1,1902,12.833,14.496
1,1903,12.833,14.496
1,1904,12.833,14.496
1,1905,12.833,14.496
1,1906,12.833,14.496
1,1907,12.833,14.496
1,1908,12.833,14.496
1,1909,12.833,14.496
1,1910,12.833,14.496
1,1911,12.833,14.496
1,1912,12.833,14.496
1,1913,12.833,14.496
1,1914,12.833,14.496
1,1915,12.833,14.496
1,1916,12.833,14.496
1,1917,12.833,14.496
1,1918,12.95,14.627
1,1919,12.95,14.627
1,1920,12.95,14.627
1,1921,12.95,14.627
1,1922,12.95,14.627
1,1923,12.95,14.627
1,1924,12.95,14.627
1,1925,12.95,14.627
1,1926,12.95,14.627
1,1927,12.95,14.627
1,1928,12.95,14.627
1,1929,12.95,14.627
1,1930,12.95,14.627
1,1931,12.95,14.627
1,1932,12.95,14.627
1,1933,12.95,14.627
1,1934,12.95,14.627
1,1935,12.95,14.627
1,1936,12.95,14.627
1,1937,12.95,14.627
1,1938,12.95,14.627
1,1939,12.95,14.627
1,1940,12.95,14.627
1,1941,12.95,14.627
1,1942,12.95,14.627
1,1943,12.95,14.627
1,1944,12.95,14.627
1,1945,12.95,14.627
1,1946,12.95,14.627
1,1947,12.95,14.627
1,1948,13.067,14.759
1,1949,13.067,14.759
1,1950,13.067,14.759
1,1951,13.067,14.759
1,1952,13.067,14.759
1,1953,13.067,14.759
1,1954,13.067,14.759
1,1955,13.067,14.759
1,1956,13.067,14.759
1,1957,13.067,14.759
1,1958,13.067,14.759
1,1959,13.067,14.759
1,1960,13.067,14.759
1,1961,13.067,14.759
1,1962,13.067,14.759
1,1963,13.067,14.759
1,1964,13.067,14.759
1,1965,13.067,14.759
1,1966,13.067,14.759
1,1967,13.067,14.759
1,1968,13.067,14.759
1,1969,13.067,14.759
1,1970,13.067,14.759
1,1971,13.067,14.759
1,1972,13.067,14.759
1,1973,13.067,14.759
1,1974,13.067,14.759
1,1975,13.067,14.759
1,1976,13.067,14.759
1,1977,13.067,14.759
1,1978,13.067,14.759
1,1979,13.186,14.892
1,1980,13.186,14.892
1,1981,13.186,14.892
1,1982,13.186,14.892
1,1983,13.186,14.892
1,1984,13.186,14.892
1,1985,13.186,14.892
1,1986,13.186,14.892
1,1987,13.186,14.892
1,1988,13.186,14.892
1,1989,13.186,14.892
1,1990,13.186,14.892
1,1991,13.186,14.892
1,1992,13.186,14.892
1,1993,13.186,14.892
1,1994,13.186,14.892
1,1995,13.186,14.892
1,1996,13.186,14.892
1,1997,13.186,14.892
1,1998,13.186,14.892
1,1999,13.186,14.892
1,2000,13.186,14.892
1,2001,13.186,14.892
1,2002,13.186,14.892
1,2003,13.186,14.892
1,2004,13.186,14.892
1,2005,13.186,14.892
1,2006,13.186,14.892
1,2007,13.186,14.892
1,2008,13.186,14.892
1,2009,13.307,15.027
1,2010,13.307,15.027
1,2011,13.307,15.027
1,2012,13.307,15.027
1,2013,13.307,15.027
1,2014,13.307,15.027
1,2015,13.307,15.027
1,2016,13.307,15.027
1,2017,13.307,15.027
1,2018,13.307,15.027
1,2019,13.307,15.027
1,2020,13.307,15.027
1,2021,13.307,15.027
1,2022,13.307,15.027
1,2023,13.307,15.027
1,2024,13.307,15.027
1,2025,13.307,15.027
1,2026,13.307,15.027
1,2027,13.307,15.027
1,2028,13.307,15.027
1,2029,13.307,15.027
1,2030,13.307,15.027
1,2031,13.307,15.027
1,2032,13.307,15.027
1,2033,13.307,15.027
1,2034,13.307,15.027
1,2035,13.307,15.027
1,2036,13.307,15.027
1,2037,13.307,15.027
1,2038,13.307,15.027
1,2039,13.307,15.027
1,2040,13.429,15.164
1,2041,13.429,15.164
1,2042,13.429,15.164
1,2043,13.429,15.164
1,2044,13.429,15.164
1,2045,13.429,15.164
1,2046,13.429,15.164
1,2047,13.429,15.164
1,2048,13.429,15.164
1,2049,13.429,15.164
1,2050,13.429,15.164
1,2051,13.429,15.164
1,2052,13.429,15.164
1,2053,13.429,15.164
1,2054,13.429,15.164
1,2055,13.429,15.164
1,2056,13.429,15.164
1,2057,13.429,15.164
1,2058,13.429,15.164
1,2059,13.429,15.164
1,2060,13.429,15.164
1,2061,13.429,15.164
1,2062,13.429,15.164
1,2063,13.429,15.164
1,2064,13.429,15.164
1,2065,13.429,15.164
1,2066,13.429,15.164
1,2067,13.429,15.164
1,2068,13.429,15.164
1,2069,13.429,15.164
1,2070,13.553,15.302
1,2071,13.553,15.302
1,2072,13.553,15.302
1,2073,13.553,15.302
1,2074,13.553,15.302
1,2075,13.553,15.302
1,2076,13.553,15.302
1,2077,13.553,15.302
1,2078,13.553,15.302
1,2079,13.553,15.302
1,2080,13.553,15.302
1,2081,13.553,15.302
1,2082,13.553,15.302
1,2083,13.553,15.302
1,2084,13.553,15.302
1,2085,13.553,15.302
1,2086,13.553,15.302
1,2087,13.553,15.302
1,2088,13.553,15.302
1,2089,13.553,15.302
1,2090,13.553,15.302
1,2091,13.553,15.302
1,2092,13.553,15.302
1,2093,13.553,15.302
1,2094,13.553,15.302
1,2095,13.553,15.302
1,2096,13.553,15.302
1,2097,13.553,15.302
1,2098,13.553,15.302
1,2099,13.553,15.302
1,2100,13.553,15.302
1,2101,13.679,15.442
1,2102,13.679,15.442
1,2103,13.679,15.442
1,2104,13.679,15.442
1,2105,13.679,15.442
1,2106,13.679,15.442
1,2107,13.679,15.442
1,2108,13.679,15.442
1,2109,13.679,15.442
1,2110,13.679,15.442
1,2111,13.679,15.442
1,2112,13.679,15.442
1,2113,13.679,15.442
1,2114,13.679,15.442
1,2115,13.679,15.442
1,2116,13.679,15.442
1,2117,13.679,15.442
1,2118,13.679,15.442
1,2119,13.679,15.442
1,2120,13.679,15.442
1,2121,13.679,15.442
1,2122,13.679,15.442
1,2123,13.679,15.442
1,2124,13.679,15.442
1,2125,13.679,15.442
1,2126,13.679,15.442
1,2127,13.679,15.442
1,2128,13.679,15.442
1,2129,13.679,15.442
1,2130,13.679,15.442
1,2131,13.805,15.583
1,2132,13.805,15.583
1,2133,13.805,15.583
1,2134,13.805,15.583
1,2135,13.805,15.583
1,2136,13.805,15.583
1,2137,13.805,15.583
1,2138,13.805,15.583
1,2139,13.805,15.583
1,2140,13.805,15.583
1,2141,13.805,15.583
1,2142,13.805,15.583
1,2143,13.805,15.583
1,2144,13.805,15.583
1,2145,13.805,15.583
1,2146,13.805,15.583
1,2147,13.805,15.583
1,2148,13.805,15.583
1,2149,13.805,15.583
1,2150,13.805,15.583
1,2151,13.805,15.583
1,2152,13.805,15.583
1,2153,13.805,15.583
1,2154,13.805,15.583
1,2155,13.805,15.583
1,2156,13.805,15.583
1,2157,13.805,15.583
1,2158,13.805,15.583
1,2159,13.805,15.583
1,2160,13.805,15.583
1,2161,13.805,15.583
1,2162,13.934,15.726
1,2163,13.934,15.726
1,2164,13.934,15.726
1,2165,13.934,15.726
1,2166,13.934,15.726
1,2167,13.934,15.726
1,2168,13.934,15.726
1,2169,13.934,15.726
1,2170,13.934,15.726
1,2171,13.934,15.726
1,2172,13.934,15.726
1,2173,13.934,15.726
1,2174,13.934,15.726
1,2175,13.934,15.726
1,2176,13.934,15.726
1,2177,13.934,15.726
1,2178,13.934,15.726
1,2179,13.934,15.726
1,2180,13.934,15.726
1,2181,13.934,15.726
1,2182,13.934,15.726
1,2183,13.934,15.726
1,2184,13.934,15.726
1,2185,13.934,15.726
1,2186,13.934,15.726
1,2187,13.934,15.726
1,2188,13.934,15.726
1,2189,13.934,15.726
1,2190,13.934,15.726
1,2191,13.934,15.726
1,2192,14.063,15.87
1,2193,14.063,15.87
1,2194,14.063,15.87
1,2195,14.063,15.87
1,2196,14.063,15.87
1,2197,14.063,15.87
1,2198,14.063,15.87
1,2199,14.063,15.87
1,2200,14.063,15.87
1,2201,14.063,15.87
1,2202,14.063,15.87
1,2203,14.063,15.87
1,2204,14.063,15.87
1,2205,14.063,15.87
1,2206,14.063,15.87
1,2207,14.063,15.87
1,2208,14.063,15.87
1,2209,14.063,15.87
1,2210,14.063,15.87
1,2211,14.063,15.87
1,2212,14.063,15.87
1,2213,14.063,15.87
1,2214,14.063,15.87
1,2215,14.063,15.87
1,2216,14.063,15.87
1,2217,14.063,15.87
1,2218,14.063,15.87
1,2219,14.063,15.87
1,2220,14.063,15.87
1,2221,14.063,15.87
1,2222,14.063,15.87