0,0,45,1.902,2.066,2.967,3.275
0,0,45.1,1.915,2.081,2.988,3.298
0,0,45.2,1.928,2.095,3.008,3.321
0,0,45.3,1.941,2.109,3.029,3.343
0,0,45.4,1.954,2.123,3.049,3.366
0,0,45.5,1.967,2.138,3.07,3.389
0,0,45.6,1.98,2.152,3.09,3.412
0,0,45.7,1.993,2.166,3.111,3.434
0,0,45.8,2.006,2.18,3.131,3.457
0,0,45.9,2.02,2.195,3.152,3.48
0,0,46,2.033,2.209,3.172,3.502
0,0,46.1,2.046,2.223,3.193,3.525
0,0,46.2,2.059,2.237,3.214,3.548
0,0,46.3,2.072,2.252,3.234,3.571
0,0,46.4,2.085,2.266,3.255,3.593
0,0,46.5,2.098,2.28,3.275,3.616
0,0,46.6,2.111,2.294,3.296,3.639
0,0,46.7,2.124,2.309,3.316,3.662
0,0,46.8,2.137,2.323,3.337,3.684
0,0,46.9,2.15,2.337,3.358,3.707
0,0,47,2.164,2.351,3.378,3.73
0,0,47.1,2.177,2.366,3.399,3.753
0,0,47.2,2.19,2.38,3.42,3.776
0,0,47.3,2.203,2.394,3.44,3.799
0,0,47.4,2.216,2.409,3.461,3.822
0,0,47.5,2.23,2.423,3.482,3.845
0,0,47.6,2.243,2.438,3.503,3.868
0,0,47.7,2.256,2.452,3.524,3.891
0,0,47.8,2.27,2.467,3.545,3.915
0,0,47.9,2.283,2.482,3.567,3.938
0,0,48,2.297,2.497,3.588,3.962
0,0,48.1,2.311,2.511,3.609,3.986
0,0,48.2,2.324,2.526,3.631,4.009
0,0,48.3,2.338,2.541,3.652,4.033
0,0,48.4,2.352,2.556,3.674,4.057
0,0,48.5,2.366,2.571,3.696,4.082
0,0,48.6,2.38,2.587,3.718,4.106
0,0,48.7,2.394,2.602,3.74,4.13
0,0,48.8,2.408,2.618,3.763,4.155
0,0,48.9,2.423,2.633,3.785,4.18
0,0,49,2.437,2.649,3.808,4.205
0,0,49.1,2.451,2.665,3.831,4.231
0,0,49.2,2.466,2.681,3.854,4.256
0,0,49.3,2.481,2.697,3.877,4.282
0,0,49.4,2.496,2.713,3.901,4.308
0,0,49.5,2.511,2.729,3.924,4.334
0,0,49.6,2.526,2.746,3.948,4.36
0,0,49.7,2.541,2.762,3.972,4.387
0,0,49.8,2.557,2.779,3.996,4.413
0,0,49.9,2.572,2.796,4.02,4.44
0,0,50,2.588,2.813,4.045,4.467
0,0,50.1,2.603,2.83,4.07,4.495
0,0,50.2,2.619,2.847,4.095,4.522
0,0,50.3,2.635,2.865,4.12,4.55
0,0,50.4,2.651,2.882,4.145,4.578
0,0,50.5,2.668,2.9,4.171,4.606
0,0,50.6,2.684,2.917,4.196,4.635
0,0,50.7,2.7,2.935,4.222,4.664
0,0,50.8,2.717,2.953,4.248,4.692
0,0,50.9,2.734,2.972,4.275,4.722
0,0,51,2.75,2.99,4.301,4.751
0,0,51.1,2.767,3.008,4.328,4.78
0,0,51.2,2.784,3.027,4.355,4.81
0,0,51.3,2.802,3.046,4.382,4.84
0,0,51.4,2.819,3.065,4.409,4.87
0,0,51.5,2.836,3.084,4.437,4.901
0,0,51.6,2.854,3.103,4.464,4.931
0,0,51.7,2.872,3.122,4.492,4.962
0,0,51.8,2.889,3.141,4.52,4.993
0,0,51.9,2.907,3.161,4.548,5.024
0,0,52,2.925,3.18,4.577,5.056
0,0,52.1,2.944,3.2,4.605,5.087
0,0,52.2,2.962,3.22,4.634,5.119
0,0,52.3,2.98,3.24,4.663,5.151
0,0,52.4,2.999,3.26,4.692,5.183
0,0,52.5,3.017,3.28,4.721,5.216
0,0,52.6,3.036,3.301,4.751,5.248
0,0,52.7,3.055,3.321,4.78,5.281
0,0,52.8,3.073,3.342,4.81,5.314
0,0,52.9,3.092,3.362,4.84,5.347
0,0,53,3.112,3.383,4.87,5.38
0,0,53.1,3.131,3.404,4.9,5.413
0,0,53.2,3.15,3.425,4.93,5.447
0,0,53.3,3.169,3.446,4.961,5.481
0,0,53.4,3.189,3.467,4.992,5.515
0,0,53.5,3.208,3.488,5.022,5.549
0,0,53.6,3.228,3.51,5.053,5.583
0,0,53.7,3.248,3.531,5.084,5.617
0,0,53.8,3.267,3.553,5.115,5.652
0,0,53.9,3.287,3.574,5.147,5.686
0,0,54,3.307,3.596,5.178,5.721
0,0,54.1,3.327,3.617,5.209,5.756
0,0,54.2,3.347,3.639,5.241,5.791
0,0,54.3,3.367,3.661,5.272,5.826
0,0,54.4,3.387,3.683,5.304,5.861
0,0,54.5,3.407,3.705,5.336,5.896
0,0,54.6,3.427,3.727,5.368,5.931
0,0,54.7,3.447,3.749,5.4,5.966
0,0,54.8,3.468,3.771,5.432,6.002
0,0,54.9,3.488,3.793,5.464,6.037
0,0,55,3.508,3.815,5.496,6.073
0,0,55.1,3.529,3.837,5.528,6.108
0,0,55.2,3.549,3.859,5.56,6.144
0,0,55.3,3.57,3.882,5.592,6.18
0,0,55.4,3.59,3.904,5.624,6.215
0,0,55.5,3.611,3.926,5.657,6.251
0,0,55.6,3.631,3.949,5.689,6.287
0,0,55.7,3.652,3.971,5.721,6.323
0,0,55.8,3.672,3.993,5.754,6.358
0,0,55.9,3.693,4.016,5.786,6.394
0,0,56,3.713,4.038,5.818,6.43
0,0,56.1,3.734,4.06,5.851,6.466
0,0,56.2,3.754,4.083,5.883,6.502
0,0,56.3,3.775,4.105,5.916,6.537
0,0,56.4,3.795,4.127,5.948,6.573
0,0,56.5,3.816,4.15,5.98,6.609
0,0,56.6,3.836,4.172,6.013,6.645
0,0,56.7,3.857,4.194,6.045,6.681
0,0,56.8,3.878,4.217,6.078,6.717
0,0,56.9,3.898,4.239,6.11,6.753
0,0,57,3.919,4.262,6.143,6.789
0,0,57.1,3.939,4.284,6.175,6.824
0,0,57.2,3.96,4.306,6.207,6.86
0,0,57.3,3.98,4.329,6.24,6.896
0,0,57.4,4.001,4.351,6.272,6.932
0,0,57.5,4.021,4.373,6.304,6.968
0,0,57.6,4.042,4.396,6.337,7.003
0,0,57.7,4.062,4.418,6.369,7.039
0,0,57.8,4.083,4.44,6.401,7.075
0,0,57.9,4.103,4.463,6.434,7.111
0,0,58,4.124,4.485,6.466,7.146
0,0,58.1,4.144,4.507,6.498,7.182
0,0,58.2,4.165,4.529,6.53,7.218
0,0,58.3,4.185,4.552,6.562,7.253
0,0,58.4,4.205,4.574,6.594,7.289
0,0,58.5,4.226,4.596,6.626,7.324
0,0,58.6,4.246,4.618,6.659,7.36
0,0,58.7,4.266,4.64,6.69,7.395
0,0,58.8,4.287,4.662,6.722,7.43
0,0,58.9,4.307,4.684,6.754,7.465
0,0,59,4.327,4.706,6.786,7.5
0,0,59.1,4.347,4.728,6.818,7.535
0,0,59.2,4.367,4.75,6.849,7.571
0,0,59.3,4.387,4.772,6.881,7.605
0,0,59.4,4.407,4.794,6.912,7.64
0,0,59.5,4.427,4.815,6.944,7.675
0,0,59.6,4.447,4.837,6.975,7.71
0,0,59.7,4.467,4.859,7.006,7.744
0,0,59.8,4.487,4.88,7.037,7.779
0,0,59.9,4.507,4.902,7.068,7.813
0,0,60,4.527,4.923,7.099,7.847
0,0,60.1,4.546,4.945,7.13,7.881
0,0,60.2,4.566,4.966,7.161,7.915
0,0,60.3,4.585,4.987,7.192,7.95
0,0,60.4,4.605,5.009,7.223,7.983
0,0,60.5,4.624,5.03,7.253,8.017
0,0,60.6,4.644,5.051,7.284,8.051
0,0,60.7,4.663,5.072,7.314,8.085
0,0,60.8,4.683,5.093,7.344,8.118
0,0,60.9,4.702,5.114,7.375,8.152
0,0,61,4.721,5.135,7.405,8.185
0,0,61.1,4.74,5.156,7.435,8.218
0,0,61.2,4.76,5.177,7.465,8.251
0,0,61.3,4.779,5.198,7.495,8.285
0,0,61.4,4.798,5.218,7.525,8.318
0,0,61.5,4.817,5.239,7.555,8.351
0,0,61.6,4.836,5.26,7.585,8.384
0,0,61.7,4.855,5.28,7.614,8.416
0,0,61.8,4.874,5.301,7.644,8.449
0,0,61.9,4.893,5.322,7.673,8.482
0,0,62,4.912,5.342,7.703,8.514
0,0,62.1,4.93,5.362,7.732,8.547
0,0,62.2,4.949,5.383,7.762,8.579
0,0,62.3,4.968,5.403,7.791,8.611
0,0,62.4,4.987,5.423,7.82,8.643
0,0,62.5,5.005,5.444,7.849,8.675
0,0,62.6,5.024,5.464,7.878,8.707
0,0,62.7,5.042,5.484,7.907,8.739
0,0,62.8,5.061,5.504,7.936,8.771
0,0,62.9,5.079,5.524,7.964,8.803
0,0,63,5.098,5.544,7.993,8.834
0,0,63.1,5.116,5.564,8.022,8.866
0,0,63.2,5.134,5.584,8.05,8.898
0,0,63.3,5.153,5.604,8.079,8.929
0,0,63.4,5.171,5.624,8.107,8.96
0,0,63.5,5.189,5.644,8.136,8.992
0,0,63.6,5.207,5.663,8.164,9.023
0,0,63.7,5.225,5.683,8.192,9.054
0,0,63.8,5.244,5.703,8.221,9.085
0,0,63.9,5.262,5.722,8.249,9.117
0,0,64,5.28,5.742,8.277,9.148
0,0,64.1,5.298,5.762,8.305,9.178
0,0,64.2,5.316,5.781,8.333,9.21
0,0,64.3,5.334,5.801,8.361,9.24
0,0,64.4,5.352,5.82,8.389,9.271
0,0,64.5,5.37,5.84,8.417,9.302
0,0,64.6,5.388,5.859,8.444,9.332
0,0,64.7,5.406,5.879,8.472,9.363
0,0,64.8,5.424,5.898,8.5,9.393
0,0,64.9,5.441,5.917,8.527,9.424
0,0,65,5.459,5.937,8.555,9.454
0,0,65.1,5.477,5.956,8.582,9.484
0,0,65.2,5.495,5.975,8.61,9.514
0,0,65.3,5.512,5.994,8.637,9.545
0,0,65.4,5.53,6.014,8.665,9.575
0,0,65.5,5.547,6.033,8.692,9.605
0,0,65.6,5.565,6.052,8.719,9.635
0,0,65.7,5.583,6.071,8.746,9.664
0,0,65.8,5.6,6.09,8.773,9.694
0,0,65.9,5.618,6.109,8.8,9.724
0,0,66,5.635,6.128,8.827,9.753
0,0,66.1,5.652,6.146,8.854,9.783
0,0,66.2,5.67,6.165,8.881,9.813
0,0,66.3,5.687,6.184,8.907,9.842
0,0,66.4,5.704,6.203,8.934,9.871
0,0,66.5,5.721,6.221,8.96,9.901
0,0,66.6,5.739,6.24,8.987,9.93
0,0,66.7,5.756,6.259,9.013,9.959
0,0,66.8,5.773,6.277,9.04,9.988
0,0,66.9,5.79,6.296,9.066,10.017
0,0,67,5.807,6.314,9.092,10.046
0,0,67.1,5.824,6.333,9.118,10.074
0,0,67.2,5.841,6.351,9.144,10.103
0,0,67.3,5.858,6.369,9.171,10.132
0,0,67.4,5.875,6.388,9.196,10.16
0,0,67.5,5.892,6.406,9.222,10.189
0,0,67.6,5.908,6.424,9.248,10.217
0,0,67.7,5.925,6.442,9.274,10.246
0,0,67.8,5.942,6.46,9.3,10.274
0,0,67.9,5.959,6.479,9.325,10.302
0,0,68,5.975,6.497,9.351,10.33
0,0,68.1,5.992,6.515,9.376,10.358
0,0,68.2,6.009,6.533,9.402,10.386
0,0,68.3,6.025,6.55,9.427,10.414
0,0,68.4,6.042,6.568,9.453,10.442
0,0,68.5,6.058,6.586,9.478,10.47
0,0,68.6,6.075,6.604,9.503,10.498
0,0,68.7,6.091,6.622,9.528,10.525
0,0,68.8,6.107,6.64,9.553,10.553
0,0,68.9,6.124,6.657,9.578,10.58
0,0,69,6.14,6.675,9.603,10.608
0,0,69.1,6.156,6.693,9.628,10.635
0,0,69.2,6.173,6.71,9.653,10.663
0,0,69.3,6.189,6.728,9.678,10.69
0,0,69.4,6.205,6.745,9.703,10.717
0,0,69.5,6.221,6.763,9.728,10.745
0,0,69.6,6.238,6.781,9.753,10.771
0,0,69.7,6.254,6.798,9.777,10.798
0,0,69.8,6.27,6.815,9.802,10.826
0,0,69.9,6.286,6.833,9.826,10.853
0,0,70,6.302,6.85,9.851,10.88
0,0,70.1,6.318,6.868,9.876,10.907
0,0,70.2,6.334,6.885,9.9,10.933
0,0,70.3,6.35,6.902,9.924,10.96
0,0,70.4,6.366,6.919,9.949,10.987
0,0,70.5,6.382,6.937,9.973,11.014
0,0,70.6,6.398,6.954,9.997,11.04
0,0,70.7,6.414,6.971,10.021,11.067
0,0,70.8,6.429,6.988,10.046,11.093
0,0,70.9,6.445,7.006,10.07,11.12
0,0,71,6.461,7.023,10.094,11.147
0,0,71.1,6.477,7.04,10.118,11.173
0,0,71.2,6.493,7.057,10.142,11.199
0,0,71.3,6.509,7.074,10.167,11.226
0,0,71.4,6.524,7.091,10.191,11.252
0,0,71.5,6.54,7.108,10.215,11.279
0,0,71.6,6.556,7.125,10.239,11.305
0,0,71.7,6.572,7.142,10.263,11.331
0,0,71.8,6.587,7.159,10.286,11.358
0,0,71.9,6.603,7.176,10.311,11.384
0,0,72,6.619,7.193,10.334,11.41
0,0,72.1,6.635,7.21,10.358,11.436
0,0,72.2,6.65,7.227,10.382,11.462
0,0,72.3,6.666,7.244,10.406,11.488
0,0,72.4,6.681,7.261,10.429,11.514
0,0,72.5,6.697,7.278,10.453,11.54
0,0,72.6,6.712,7.294,10.477,11.566
0,0,72.7,6.728,7.311,10.5,11.592
0,0,72.8,6.743,7.328,10.524,11.618
0,0,72.9,6.759,7.345,10.547,11.643
0,0,73,6.774,7.361,10.571,11.669
0,0,73.1,6.79,7.378,10.594,11.695
0,0,73.2,6.805,7.395,10.617,11.72
0,0,73.3,6.82,7.411,10.64,11.746
0,0,73.4,6.836,7.428,10.664,11.771
0,0,73.5,6.851,7.444,10.687,11.797
0,0,73.6,6.866,7.461,10.71,11.822
0,0,73.7,6.881,7.477,10.733,11.847
0,0,73.8,6.896,7.493,10.756,11.872
0,0,73.9,6.911,7.51,10.779,11.898
0,0,74,6.927,7.526,10.801,11.922
0,0,74.1,6.942,7.542,10.824,11.947
0,0,74.2,6.957,7.559,10.847,11.972
0,0,74.3,6.972,7.575,10.869,11.997
0,0,74.4,6.986,7.591,10.892,12.022
0,0,74.5,7.001,7.607,10.915,12.046
0,0,74.6,7.016,7.623,10.937,12.071
0,0,74.7,7.031,7.639,10.959,12.095
0,0,74.8,7.046,7.655,10.982,12.12
0,0,74.9,7.06,7.671,11.004,12.144
0,0,75,7.075,7.687,11.026,12.168
0,0,75.1,7.09,7.702,11.048,12.193
0,0,75.2,7.104,7.718,11.07,12.217
0,0,75.3,7.119,7.734,11.092,12.241
0,0,75.4,7.134,7.75,11.114,12.265
0,0,75.5,7.148,7.766,11.136,12.289
0,0,75.6,7.163,7.781,11.158,12.313
0,0,75.7,7.177,7.797,11.18,12.337
0,0,75.8,7.192,7.812,11.202,12.361
0,0,75.9,7.206,7.828,11.224,12.385
0,0,76,7.221,7.844,11.246,12.408
0,0,76.1,7.235,7.859,11.267,12.432
0,0,76.2,7.249,7.875,11.289,12.456
0,0,76.3,7.264,7.89,11.311,12.48
0,0,76.4,7.278,7.906,11.333,12.504
0,0,76.5,7.293,7.922,11.354,12.527
0,0,76.6,7.307,7.937,11.376,12.551
0,0,76.7,7.321,7.953,11.398,12.575
0,0,76.8,7.336,7.968,11.419,12.598
0,0,76.9,7.35,7.984,11.441,12.622
0,0,77,7.365,7.999,11.463,12.646
0,0,77.1,7.379,8.015,11.484,12.67
0,0,77.2,7.394,8.031,11.506,12.694
0,0,77.3,7.408,8.046,11.528,12.718
0,0,77.4,7.423,8.062,11.55,12.741
0,0,77.5,7.437,8.078,11.572,12.765
0,0,77.6,7.452,8.094,11.594,12.79
0,0,77.7,7.466,8.109,11.616,12.813
0,0,77.8,7.481,8.125,11.638,12.838
0,0,77.9,7.496,8.141,11.66,12.861
0,0,78,7.511,8.157,11.682,12.886
0,0,78.1,7.525,8.173,11.704,12.91
0,0,78.2,7.54,8.189,11.727,12.935
0,0,78.3,7.555,8.205,11.749,12.959
0,0,78.4,7.57,8.221,11.771,12.984
0,0,78.5,7.585,8.237,11.794,13.008
0,0,78.6,7.6,8.253,11.816,13.033
0,0,78.7,7.615,8.27,11.839,13.058
0,0,78.8,7.63,8.286,11.862,13.083
0,0,78.9,7.645,8.302,11.884,13.107
0,0,79,7.66,8.319,11.907,13.132
0,0,79.1,7.676,8.335,11.93,13.158
0,0,79.2,7.691,8.352,11.954,13.183
0,0,79.3,7.706,8.368,11.977,13.208
0,0,79.4,7.722,8.385,12,13.234
0,0,79.5,7.737,8.402,12.023,13.26
0,0,79.6,7.753,8.419,12.047,13.285
0,0,79.7,7.769,8.436,12.07,13.311
0,0,79.8,7.784,8.453,12.094,13.337
0,0,79.9,7.8,8.47,12.118,13.363
0,0,80,7.816,8.487,12.142,13.389
0,0,80.1,7.832,8.504,12.166,13.416
0,0,80.2,7.848,8.522,12.19,13.442
0,0,80.3,7.864,8.539,12.215,13.469
0,0,80.4,7.88,8.556,12.239,13.496
0,0,80.5,7.897,8.574,12.264,13.523
0,0,80.6,7.913,8.592,12.289,13.55
0,0,80.7,7.929,8.609,12.313,13.577
0,0,80.8,7.946,8.627,12.338,13.604
0,0,80.9,7.963,8.645,12.363,13.632
0,0,81,7.979,8.663,12.388,13.659
0,0,81.1,7.996,8.681,12.414,13.687
0,0,81.2,8.013,8.7,12.439,13.715
0,0,81.3,8.03,8.718,12.465,13.743
0,0,81.4,8.047,8.736,12.491,13.771
0,0,81.5,8.064,8.755,12.517,13.8
0,0,81.6,8.081,8.773,12.542,13.828
0,0,81.7,8.098,8.792,12.569,13.857
0,0,81.8,8.115,8.81,12.595,13.885
0,0,81.9,8.133,8.829,12.621,13.914
0,0,82,8.15,8.848,12.647,13.943
0,0,82.1,8.167,8.867,12.674,13.972
0,0,82.2,8.185,8.886,12.701,14.001
0,0,82.3,8.203,8.905,12.727,14.031
0,0,82.4,8.22,8.924,12.755,14.061
0,0,82.5,8.238,8.943,12.781,14.09
0,0,82.6,8.256,8.962,12.809,14.12
0,0,82.7,8.274,8.982,12.836,14.15
0,0,82.8,8.292,9.001,12.863,14.18
0,0,82.9,8.31,9.021,12.89,14.21
0,0,83,8.328,9.04,12.918,14.24
0,0,83.1,8.346,9.06,12.946,14.27
0,0,83.2,8.364,9.08,12.974,14.301
0,0,83.3,8.383,9.1,13.001,14.331
0,0,83.4,8.401,9.119,13.03,14.363
0,0,83.5,8.419,9.139,13.058,14.393
0,0,83.6,8.438,9.159,13.086,14.424
0,0,83.7,8.456,9.179,13.114,14.455
0,0,83.8,8.475,9.199,13.143,14.486
0,0,83.9,8.493,9.22,13.171,14.518
0,0,84,8.512,9.24,13.2,14.549
0,0,84.1,8.531,9.26,13.228,14.581
0,0,84.2,8.55,9.281,13.257,14.613
0,0,84.3,8.569,9.301,13.286,14.644
0,0,84.4,8.587,9.321,13.315,14.676
0,0,84.5,8.606,9.342,13.344,14.708
0,0,84.6,8.625,9.363,13.373,14.74
0,0,84.7,8.644,9.383,13.402,14.772
0,0,84.8,8.663,9.404,13.432,14.805
0,0,84.9,8.682,9.425,13.461,14.837
0,0,85,8.702,9.445,13.491,14.869
0,0,85.1,8.721,9.466,13.52,14.902
0,0,85.2,8.74,9.487,13.55,14.934
0,0,85.3,8.76,9.508,13.58,14.967
0,0,85.4,8.779,9.529,13.609,15
0,0,85.5,8.798,9.55,13.639,15.033
0,0,85.6,8.818,9.571,13.669,15.065
0,0,85.7,8.837,9.592,13.699,15.098
0,0,85.8,8.856,9.613,13.729,15.131
0,0,85.9,8.876,9.634,13.759,15.164
0,0,86,8.895,9.655,13.789,15.197
0,0,86.1,8.915,9.676,13.819,15.23
0,0,86.2,8.934,9.697,13.849,15.264
0,0,86.3,8.954,9.719,13.879,15.297
0,0,86.4,8.973,9.74,13.91,15.33
0,0,86.5,8.993,9.761,13.94,15.363
0,0,86.6,9.012,9.782,13.97,15.397
0,0,86.7,9.032,9.803,14,15.43
0,0,86.8,9.051,9.825,14.031,15.464
0,0,86.9,9.071,9.846,14.061,15.497
0,0,87,9.091,9.867,14.091,15.531
0,0,87.1,9.11,9.888,14.122,15.564
0,0,87.2,9.13,9.91,14.152,15.597
0,0,87.3,9.149,9.931,14.182,15.631
0,0,87.4,9.169,9.952,14.213,15.664
0,0,87.5,9.188,9.973,14.243,15.698
0,0,87.6,9.208,9.994,14.273,15.731
0,0,87.7,9.227,10.015,14.304,15.765
0,0,87.8,9.247,10.037,14.334,15.798
0,0,87.9,9.266,10.058,14.364,15.832
0,0,88,9.286,10.079,14.395,15.865
0,0,88.1,9.305,10.1,14.425,15.899
0,0,88.2,9.324,10.121,14.455,15.932
0,0,88.3,9.344,10.142,14.485,15.965
0,0,88.4,9.363,10.163,14.516,15.999
0,0,88.5,9.383,10.184,14.546,16.032
0,0,88.6,9.402,10.205,14.576,16.066
0,0,88.7,9.421,10.226,14.607,16.099
0,0,88.8,9.441,10.247,14.637,16.133
0,0,88.9,9.46,10.268,14.667,16.166
0,0,89,9.479,10.289,14.697,16.2
0,0,89.1,9.498,10.31,14.728,16.233
0,0,89.2,9.518,10.331,14.758,16.266
0,0,89.3,9.537,10.352,14.788,16.3
0,0,89.4,9.556,10.373,14.818,16.333
0,0,89.5,9.575,10.394,14.848,16.367
0,0,89.6,9.595,10.415,14.879,16.4
0,0,89.7,9.614,10.436,14.909,16.433
0,0,89.8,9.633,10.457,14.939,16.466
0,0,89.9,9.652,10.477,14.969,16.5
0,0,90,9.671,10.498,14.999,16.533
0,0,90.1,9.69,10.519,15.029,16.566
0,0,90.2,9.709,10.54,15.059,16.6
0,0,90.3,9.728,10.561,15.09,16.633
0,0,90.4,9.747,10.581,15.12,16.667
0,0,90.5,9.767,10.602,15.15,16.7
0,0,90.6,9.786,10.623,15.18,16.733
0,0,90.7,9.805,10.644,15.21,16.767
0,0,90.8,9.824,10.664,15.24,16.8
0,0,90.9,9.843,10.685,15.27,16.833
0,0,91,9.862,10.706,15.3,16.866
0,0,91.1,9.881,10.726,15.33,16.9
0,0,91.2,9.9,10.747,15.36,16.933
0,0,91.3,9.918,10.768,15.39,16.967
0,0,91.4,9.937,10.788,15.421,17
0,0,91.5,9.956,10.809,15.451,17.033
0,0,91.6,9.975,10.83,15.481,17.067
0,0,91.7,9.994,10.85,15.511,17.1
0,0,91.8,10.013,10.871,15.541,17.134
0,0,91.9,10.032,10.892,15.571,17.167
0,0,92,10.051,10.912,15.601,17.2
0,0,92.1,10.07,10.933,15.631,17.234
0,0,92.2,10.089,10.953,15.662,17.267
0,0,92.3,10.108,10.974,15.692,17.301
0,0,92.4,10.127,10.995,15.722,17.334
0,0,92.5,10.146,11.015,15.752,17.368
0,0,92.6,10.164,11.036,15.782,17.402
0,0,92.7,10.183,11.056,15.813,17.435
0,0,92.8,10.202,11.077,15.843,17.469
0,0,92.9,10.221,11.098,15.873,17.502
0,0,93,10.24,11.118,15.903,17.535
0,0,93.1,10.258,11.139,15.934,17.569
0,0,93.2,10.277,11.159,15.964,17.603
0,0,93.3,10.296,11.18,15.994,17.636
0,0,93.4,10.315,11.201,16.025,17.671
0,0,93.5,10.334,11.221,16.055,17.704
0,0,93.6,10.353,11.242,16.085,17.738
0,0,93.7,10.372,11.262,16.116,17.772
0,0,93.8,10.391,11.283,16.146,17.806
0,0,93.9,10.409,11.304,16.177,17.84
0,0,94,10.428,11.324,16.207,17.873
0,0,94.1,10.447,11.345,16.237,17.907
0,0,94.2,10.466,11.366,16.268,17.942
0,0,94.3,10.485,11.386,16.298,17.975
0,0,94.4,10.504,11.407,16.329,18.01
0,0,94.5,10.523,11.428,16.36,18.044
0,0,94.6,10.542,11.448,16.39,18.078
0,0,94.7,10.561,11.469,16.421,18.112
0,0,94.8,10.58,11.49,16.452,18.146
0,0,94.9,10.599,11.511,16.483,18.181
0,0,95,10.618,11.532,16.513,18.215
0,0,95.1,10.637,11.552,16.545,18.25
0,0,95.2,10.656,11.573,16.576,18.284
0,0,95.3,10.675,11.594,16.606,18.318
0,0,95.4,10.694,11.615,16.637,18.353
0,0,95.5,10.713,11.636,16.669,18.388
0,0,95.6,10.732,11.657,16.7,18.423
0,0,95.7,10.751,11.678,16.731,18.457
0,0,95.8,10.77,11.699,16.762,18.492
0,0,95.9,10.789,11.719,16.793,18.527
0,0,96,10.809,11.74,16.825,18.562
0,0,96.1,10.828,11.761,16.856,18.597
0,0,96.2,10.847,11.783,16.887,18.632
0,0,96.3,10.866,11.804,16.919,18.667
0,0,96.4,10.885,11.825,16.95,18.702
0,0,96.5,10.905,11.846,16.982,18.737
0,0,96.6,10.924,11.867,17.013,18.773
0,0,96.7,10.943,11.888,17.045,18.808
0,0,96.8,10.963,11.909,17.077,18.844
0,0,96.9,10.982,11.93,17.109,18.879
0,0,97,11.001,11.952,17.14,18.915
0,0,97.1,11.021,11.973,17.172,18.95
0,0,97.2,11.04,11.994,17.204,18.986
0,0,97.3,11.059,12.015,17.236,19.022
0,0,97.4,11.079,12.037,17.268,19.058
0,0,97.5,11.099,12.058,17.3,19.094
0,0,97.6,11.118,12.08,17.333,19.13
0,0,97.7,11.137,12.101,17.365,19.166
0,0,97.8,11.157,12.123,17.398,19.203
0,0,97.9,11.177,12.144,17.43,19.239
0,0,98,11.197,12.166,17.463,19.275
0,0,98.1,11.216,12.188,17.495,19.312
0,0,98.2,11.236,12.209,17.528,19.349
0,0,98.3,11.256,12.231,17.561,19.385
0,0,98.4,11.276,12.253,17.594,19.422
0,0,98.5,11.295,12.275,17.627,19.459
0,0,98.6,11.315,12.297,17.66,19.496
0,0,98.7,11.336,12.319,17.693,19.533
0,0,98.8,11.355,12.341,17.727,19.571
0,0,98.9,11.376,12.363,17.76,19.608
0,0,99,11.396,12.385,17.793,19.646
0,0,99.1,11.416,12.407,17.827,19.684
0,0,99.2,11.436,12.429,17.861,19.721
0,0,99.3,11.456,12.452,17.895,19.76
0,0,99.4,11.477,12.474,17.929,19.797
0,0,99.5,11.497,12.496,17.963,19.836
0,0,99.6,11.518,12.519,17.997,19.874
0,0,99.7,11.538,12.542,18.031,19.913
0,0,99.8,11.559,12.564,18.066,19.951
0,0,99.9,11.579,12.587,18.1,19.99
0,0,100,11.6,12.61,18.135,20.028
0,0,100.1,11.621,12.633,18.17,20.068
0,0,100.2,11.642,12.655,18.205,20.107
0,0,100.3,11.663,12.679,18.239,20.146
0,0,100.4,11.684,12.702,18.275,20.186
0,0,100.5,11.705,12.725,18.31,20.226
0,0,100.6,11.726,12.748,18.345,20.265
0,0,100.7,11.747,12.771,18.381,20.305
0,0,100.8,11.768,12.795,18.417,20.345
0,0,100.9,11.79,12.818,18.452,20.385
0,0,101,11.811,12.842,18.488,20.426
0,0,101.1,11.832,12.865,18.524,20.466
0,0,101.2,11.854,12.889,18.561,20.507
0,0,101.3,11.875,12.913,18.597,20.548
0,0,101.4,11.897,12.937,18.633,20.588
0,0,101.5,11.919,12.96,18.67,20.63
0,0,101.6,11.94,12.984,18.706,20.671
0,0,101.7,11.962,13.008,18.743,20.712
0,0,101.8,11.984,13.033,18.78,20.754
0,0,101.9,12.006,13.057,18.817,20.796
0,0,102,12.028,13.081,18.855,20.838
0,0,102.1,12.05,13.105,18.892,20.88
0,0,102.2,12.072,13.13,18.93,20.922
0,0,102.3,12.095,13.155,18.967,20.964
0,0,102.4,12.117,13.179,19.005,21.006
0,0,102.5,12.14,13.204,19.043,21.049
0,0,102.6,12.162,13.229,19.081,21.092
0,0,102.7,12.184,13.253,19.119,21.136
0,0,102.8,12.207,13.278,19.157,21.179
0,0,102.9,12.23,13.303,19.196,21.222
0,0,103,12.253,13.329,19.235,21.265
0,0,103.1,12.275,13.354,19.273,21.309
0,0,103.2,12.298,13.379,19.312,21.352
0,0,103.3,12.321,13.404,19.351,21.396
0,0,103.4,12.344,13.43,19.39,21.44
0,0,103.5,12.367,13.455,19.429,21.484
0,0,103.6,12.391,13.481,19.469,21.529
0,0,103.7,12.414,13.506,19.508,21.574
0,0,103.8,12.437,13.532,19.548,21.618
0,0,103.9,12.46,13.558,19.588,21.663
0,0,104,12.484,13.584,19.628,21.708
0,0,104.1,12.507,13.61,19.668,21.754
0,0,104.2,12.531,13.636,19.708,21.799
0,0,104.3,12.555,13.662,19.748,21.844
0,0,104.4,12.578,13.688,19.789,21.889
0,0,104.5,12.602,13.714,19.829,21.935
0,0,104.6,12.626,13.741,19.87,21.981
0,0,104.7,12.65,13.767,19.911,22.027
0,0,104.8,12.674,13.793,19.952,22.074
0,0,104.9,12.698,13.82,19.993,22.12
0,0,105,12.722,13.847,20.034,22.166
0,0,105.1,12.746,13.873,20.076,22.213
0,0,105.2,12.77,13.9,20.117,22.26
0,0,105.3,12.795,13.927,20.158,22.306
0,0,105.4,12.819,13.954,20.2,22.354
0,0,105.5,12.844,13.981,20.242,22.401
0,0,105.6,12.868,14.008,20.284,22.449
0,0,105.7,12.893,14.035,20.326,22.496
0,0,105.8,12.917,14.063,20.369,22.544
0,0,105.9,12.942,14.09,20.411,22.592
0,0,106,12.967,14.117,20.454,22.641
0,0,106.1,12.992,14.145,20.497,22.688
0,0,106.2,13.017,14.173,20.54,22.737
0,0,106.3,13.042,14.2,20.583,22.786
0,0,106.4,13.067,14.228,20.626,22.835
0,0,106.5,13.092,14.256,20.669,22.883
0,0,106.6,13.117,14.284,20.713,22.933
0,0,106.7,13.143,14.312,20.756,22.982
0,0,106.8,13.168,14.34,20.8,23.032
0,0,106.9,13.194,14.368,20.845,23.082
0,0,107,13.22,14.397,20.888,23.131
0,0,107.1,13.245,14.425,20.933,23.181
0,0,107.2,13.271,14.454,20.977,23.231
0,0,107.3,13.297,14.482,21.022,23.282
0,0,107.4,13.323,14.511,21.067,23.333
0,0,107.5,13.349,14.54,21.111,23.383
0,0,107.6,13.375,14.569,21.157,23.434
0,0,107.7,13.401,14.598,21.202,23.485
0,0,107.8,13.427,14.627,21.247,23.536
0,0,107.9,13.454,14.656,21.292,23.588
0,0,108,13.48,14.685,21.338,23.64
0,0,108.1,13.507,14.715,21.384,23.691
0,0,108.2,13.533,14.744,21.43,23.743
0,0,108.3,13.56,14.773,21.476,23.796
0,0,108.4,13.586,14.803,21.523,23.848
0,0,108.5,13.614,14.833,21.569,23.9
0,0,108.6,13.64,14.863,21.615,23.953
0,0,108.7,13.667,14.892,21.662,24.006
0,0,108.8,13.694,14.922,21.709,24.059
0,0,108.9,13.722,14.953,21.756,24.112
0,0,109,13.749,14.983,21.803,24.166
0,0,109.1,13.776,15.013,21.851,24.219
0,0,109.2,13.803,15.043,21.898,24.273
0,0,109.3,13.831,15.073,21.946,24.327
0,0,109.4,13.859,15.104,21.993,24.381
0,0,109.5,13.886,15.135,22.041,24.435
0,0,109.6,13.914,15.165,22.089,24.489
0,0,109.7,13.942,15.196,22.138,24.544
0,0,109.8,13.969,15.227,22.186,24.599
0,0,109.9,13.998,15.258,22.234,24.653
0,0,110,14.025,15.289,22.283,24.708
0,1,65,5.583,6.071,8.746,9.664
0,1,65.1,5.5,6.08,8.773,9.694
0,1,65.2,5.618,6.109,8.8,9.724
0,1,65.3,5.635,6.128,8.827,9.753
0,1,65.4,5.652,6.146,8.854,9.783
0,1,65.5,5.67,6.165,8.881,9.813
0,1,65.6,5.687,6.184,8.907,9.842
0,1,65.7,5.704,6.203,8.934,9.871
0,1,65.8,5.721,6.221,8.96,9.901
0,1,65.9,5.739,6.24,8.987,9.93
0,1,66,5.756,6.259,9.013,9.959
0,1,66.1,5.773,6.277,9.04,9.988
0,1,66.2,5.79,6.296,9.066,10.017
0,1,66.3,5.807,6.314,9.092,10.046
0,1,66.4,5.824,6.333,9.118,10.074
0,1,66.5,5.841,6.351,9.144,10.103
0,1,66.6,5.858,6.369,9.171,10.132
0,1,66.7,5.875,6.388,9.196,10.16
0,1,66.8,5.892,6.406,9.222,10.189
0,1,66.9,5.908,6.424,9.248,10.217
0,1,67,5.925,6.442,9.274,10.246
0,1,67.1,5.942,6.46,9.3,10.274
0,1,67.2,5.959,6.479,9.325,10.302
0,1,67.3,5.975,6.497,9.351,10.33
0,1,67.4,5.992,6.515,9.376,10.358
0,1,67.5,6.009,6.533,9.402,10.386
0,1,67.6,6.025,6.55,9.427,10.414
0,1,67.7,6.042,6.568,9.453,10.442
0,1,67.8,6.058,6.586,9.478,10.47
0,1,67.9,6.075,6.604,9.503,10.498
0,1,68,6.091,6.622,9.528,10.525
0,1,68.1,6.107,6.64,9.553,10.553
0,1,68.2,6.124,6.657,9.578,10.58
0,1,68.3,6.14,6.675,9.603,10.608
0,1,68.4,6.156,6.693,9.628,10.635
0,1,68.5,6.173,6.71,9.653,10.663
0,1,68.6,6.189,6.728,9.678,10.69
0,1,68.7,6.205,6.745,9.703,10.717
0,1,68.8,6.221,6.763,9.728,10.745
0,1,68.9,6.238,6.781,9.753,10.771
0,1,69,6.254,6.798,9.777,10.798
0,1,69.1,6.27,6.815,9.802,10.826
0,1,69.2,6.286,6.833,9.826,10.853
0,1,69.3,6.302,6.85,9.851,10.88
0,1,69.4,6.318,6.868,9.876,10.907
0,1,69.5,6.334,6.885,9.9,10.933
0,1,69.6,6.35,6.902,9.924,10.96
0,1,69.7,6.366,6.919,9.949,10.987
0,1,69.8,6.382,6.937,9.973,11.014
0,1,69.9,6.398,6.954,9.997,11.04
0,1,70,6.414,6.971,10.021,11.067
0,1,70.1,6.429,6.988,10.046,11.093
0,1,70.2,6.445,7.006,10.07,11.12
0,1,70.3,6.461,7.023,10.094,11.147
0,1,70.4,6.477,7.04,10.118,11.173
0,1,70.5,6.493,7.057,10.142,11.199
0,1,70.6,6.509,7.074,10.167,11.226
0,1,70.7,6.524,7.091,10.191,11.252
0,1,70.8,6.54,7.108,10.215,11.279
0,1,70.9,6.556,7.125,10.239,11.305
0,1,71,6.572,7.142,10.263,11.331
0,1,71.1,6.587,7.159,10.286,11.358
0,1,71.2,6.603,7.176,10.311,11.384
0,1,71.3,6.619,7.193,10.334,11.41
0,1,71.4,6.635,7.21,10.358,11.436
0,1,71.5,6.65,7.227,10.382,11.462
0,1,71.6,6.666,7.244,10.406,11.488
0,1,71.7,6.681,7.261,10.429,11.514
0,1,71.8,6.697,7.278,10.453,11.54
0,1,71.9,6.712,7.294,10.477,11.566
0,1,72,6.728,7.311,10.5,11.592
0,1,72.1,6.743,7.328,10.524,11.618
0,1,72.2,6.759,7.345,10.547,11.643
0,1,72.3,6.774,7.361,10.571,11.669
0,1,72.4,6.79,7.378,10.594,11.695
0,1,72.5,6.805,7.395,10.617,11.72
0,1,72.6,6.82,7.411,10.64,11.746
0,1,72.7,6.836,7.428,10.664,11.771
0,1,72.8,6.851,7.444,10.687,11.797
0,1,72.9,6.866,7.461,10.71,11.822
0,1,73,6.881,7.477,10.733,11.847
0,1,73.1,6.896,7.493,10.756,11.872
0,1,73.2,6.911,7.51,10.779,11.898
0,1,73.3,6.927,7.526,10.801,11.922
0,1,73.4,6.942,7.542,10.824,11.947
0,1,73.5,6.957,7.559,10.847,11.972
0,1,73.6,6.972,7.575,10.869,11.997
0,1,73.7,6.986,7.591,10.892,12.022
0,1,73.8,7.001,7.607,10.915,12.046
0,1,73.9,7.016,7.623,10.937,12.071
0,1,74,7.031,7.639,10.959,12.095
0,1,74.1,7.046,7.655,10.982,12.12
0,1,74.2,7.06,7.671,11.004,12.144
0,1,74.3,7.075,7.687,11.026,12.168
0,1,74.4,7.09,7.702,11.048,12.193
0,1,74.5,7.104,7.718,11.07,12.217
0,1,74.6,7.119,7.734,11.092,12.241
0,1,74.7,7.134,7.75,11.114,12.265
0,1,74.8,7.148,7.766,11.136,12.289
0,1,74.9,7.163,7.781,11.158,12.313
0,1,75,7.177,7.797,11.18,12.337
0,1,75.1,7.192,7.812,11.202,12.361
0,1,75.2,7.206,7.828,11.224,12.385
0,1,75.3,7.221,7.844,11.246,12.408
0,1,75.4,7.235,7.859,11.267,12.432
0,1,75.5,7.249,7.875,11.289,12.456
0,1,75.6,7.264,7.89,11.311,12.48
0,1,75.7,7.278,7.906,11.333,12.504
0,1,75.8,7.293,7.922,11.354,12.527
0,1,75.9,7.307,7.937,11.376,12.551
0,1,76,7.321,7.953,11.398,12.575
0,1,76.1,7.336,7.968,11.419,12.598
0,1,76.2,7.35,7.984,11.441,12.622
0,1,76.3,7.365,7.999,11.463,12.646
0,1,76.4,7.379,8.015,11.484,12.67
0,1,76.5,7.394,8.031,11.506,12.694
0,1,76.6,7.408,8.046,11.528,12.718
0,1,76.7,7.423,8.062,11.55,12.741
0,1,76.8,7.437,8.078,11.572,12.765
0,1,76.9,7.452,8.094,11.594,12.79
0,1,77,7.466,8.109,11.616,12.813
0,1,77.1,7.481,8.125,11.638,12.838
0,1,77.2,7.496,8.141,11.66,12.861
0,1,77.3,7.511,8.157,11.682,12.886
0,1,77.4,7.525,8.173,11.704,12.91
0,1,77.5,7.54,8.189,11.727,12.935
0,1,77.6,7.555,8.205,11.749,12.959
0,1,77.7,7.57,8.221,11.771,12.984
0,1,77.8,7.585,8.237,11.794,13.008
0,1,77.9,7.6,8.253,11.816,13.033
0,1,78,7.615,8.27,11.839,13.058
0,1,78.1,7.63,8.286,11.862,13.083
0,1,78.2,7.645,8.302,11.884,13.107
0,1,78.3,7.66,8.319,11.907,13.132
0,1,78.4,7.676,8.335,11.93,13.158
0,1,78.5,7.691,8.352,11.954,13.183
0,1,78.6,7.706,8.368,11.977,13.208
0,1,78.7,7.722,8.385,12,13.234
0,1,78.8,7.737,8.402,12.023,13.26
0,1,78.9,7.753,8.419,12.047,13.285
0,1,79,7.769,8.436,12.07,13.311
0,1,79.1,7.784,8.453,12.094,13.337
0,1,79.2,7.8,8.47,12.118,13.363
0,1,79.3,7.816,8.487,12.142,13.389
0,1,79.4,7.832,8.504,12.166,13.416
0,1,79.5,7.848,8.522,12.19,13.442
0,1,79.6,7.864,8.539,12.215,13.469
0,1,79.7,7.88,8.556,12.239,13.496
0,1,79.8,7.897,8.574,12.264,13.523
0,1,79.9,7.913,8.592,12.289,13.55
0,1,80,7.929,8.609,12.313,13.577
0,1,80.1,7.946,8.627,12.338,13.604
0,1,80.2,7.963,8.645,12.363,13.632
0,1,80.3,7.979,8.663,12.388,13.659
0,1,80.4,7.996,8.681,12.414,13.687
0,1,80.5,8.013,8.7,12.439,13.715
0,1,80.6,8.03,8.718,12.465,13.743
0,1,80.7,8.047,8.736,12.491,13.771
0,1,80.8,8.064,8.755,12.517,13.8
0,1,80.9,8.081,8.773,12.542,13.828
0,1,81,8.098,8.792,12.569,13.857
0,1,81.1,8.115,8.81,12.595,13.885
0,1,81.2,8.133,8.829,12.621,13.914
0,1,81.3,8.15,8.848,12.647,13.943
0,1,81.4,8.167,8.867,12.674,13.972
0,1,81.5,8.185,8.886,12.701,14.001
0,1,81.6,8.203,8.905,12.727,14.031
0,1,81.7,8.22,8.924,12.755,14.061
0,1,81.8,8.238,8.943,12.781,14.09
0,1,81.9,8.256,8.962,12.809,14.12
0,1,82,8.274,8.982,12.836,14.15
0,1,82.1,8.292,9.001,12.863,14.18
0,1,82.2,8.31,9.021,12.89,14.21
0,1,82.3,8.328,9.04,12.918,14.24
0,1,82.4,8.346,9.06,12.946,14.27
0,1,82.5,8.364,9.08,12.974,14.301
0,1,82.6,8.383,9.1,13.001,14.331
0,1,82.7,8.401,9.119,13.03,14.363
0,1,82.8,8.419,9.139,13.058,14.393
0,1,82.9,8.438,9.159,13.086,14.424
0,1,83,8.456,9.179,13.114,14.455
0,1,83.1,8.475,9.199,13.143,14.486
0,1,83.2,8.493,9.22,13.171,14.518
0,1,83.3,8.512,9.24,13.2,14.549
0,1,83.4,8.531,9.26,13.228,14.581
0,1,83.5,8.55,9.281,13.257,14.613
0,1,83.6,8.569,9.301,13.286,14.644
0,1,83.7,8.587,9.321,13.315,14.676
0,1,83.8,8.606,9.342,13.344,14.708
0,1,83.9,8.625,9.363,13.373,14.74
0,1,84,8.644,9.383,13.402,14.772
0,1,84.1,8.663,9.404,13.432,14.805
0,1,84.2,8.682,9.425,13.461,14.837
0,1,84.3,8.702,9.445,13.491,14.869
0,1,84.4,8.721,9.466,13.52,14.902
0,1,84.5,8.74,9.487,13.55,14.934
0,1,84.6,8.76,9.508,13.58,14.967
0,1,84.7,8.779,9.529,13.609,15
0,1,84.8,8.798,9.55,13.639,15.033
0,1,84.9,8.818,9.571,13.669,15.065
0,1,85,8.837,9.592,13.699,15.098
0,1,85.1,8.856,9.613,13.729,15.131
0,1,85.2,8.876,9.634,13.759,15.164
0,1,85.3,8.895,9.655,13.789,15.197
0,1,85.4,8.915,9.676,13.819,15.23
0,1,85.5,8.934,9.697,13.849,15.264
0,1,85.6,8.954,9.719,13.879,15.297
0,1,85.7,8.973,9.74,13.91,15.33
0,1,85.8,8.993,9.761,13.94,15.363
0,1,85.9,9.012,9.782,13.97,15.397
0,1,86,9.032,9.803,14,15.43
0,1,86.1,9.051,9.825,14.031,15.464
0,1,86.2,9.071,9.846,14.061,15.497
0,1,86.3,9.091,9.867,14.091,15.531
0,1,86.4,9.11,9.888,14.122,15.564
0,1,86.5,9.13,9.91,14.152,15.597
0,1,86.6,9.149,9.931,14.182,15.631
0,1,86.7,9.169,9.952,14.213,15.664
0,1,86.8,9.188,9.973,14.243,15.698
0,1,86.9,9.208,9.994,14.273,15.731
0,1,87,9.227,10.015,14.304,15.765
0,1,87.1,9.247,10.037,14.334,15.798
0,1,87.2,9.266,10.058,14.364,15.832
0,1,87.3,9.286,10.079,14.395,15.865
0,1,87.4,9.305,10.1,14.425,15.899
0,1,87.5,9.324,10.121,14.455,15.932
0,1,87.6,9.344,10.142,14.485,15.965
0,1,87.7,9.363,10.163,14.516,15.999
0,1,87.8,9.383,10.184,14.546,16.032
0,1,87.9,9.402,10.205,14.576,16.066
0,1,88,9.421,10.226,14.607,16.099
0,1,88.1,9.441,10.247,14.637,16.133
0,1,88.2,9.46,10.268,14.667,16.166
0,1,88.3,9.479,10.289,14.697,16.2
0,1,88.4,9.498,10.31,14.728,16.233
0,1,88.5,9.518,10.331,14.758,16.266
0,1,88.6,9.537,10.352,14.788,16.3
0,1,88.7,9.556,10.373,14.818,16.333
0,1,88.8,9.575,10.394,14.848,16.367
0,1,88.9,9.595,10.415,14.879,16.4
0,1,89,9.614,10.436,14.909,16.433
0,1,89.1,9.633,10.457,14.939,16.466
0,1,89.2,9.652,10.477,14.969,16.5
0,1,89.3,9.671,10.498,14.999,16.533
0,1,89.4,9.69,10.519,15.029,16.566
0,1,89.5,9.709,10.54,15.059,16.6
0,1,89.6,9.728,10.561,15.09,16.633
0,1,89.7,9.747,10.581,15.12,16.667
0,1,89.8,9.767,10.602,15.15,16.7
0,1,89.9,9.786,10.623,15.18,16.733
0,1,90,9.805,10.644,15.21,16.767
0,1,90.1,9.824,10.664,15.24,16.8
0,1,90.2,9.843,10.685,15.27,16.833
0,1,90.3,9.862,10.706,15.3,16.866
0,1,90.4,9.881,10.726,15.33,16.9
0,1,90.5,9.9,10.747,15.36,16.933
0,1,90.6,9.918,10.768,15.39,16.967
0,1,90.7,9.937,10.788,15.421,17
0,1,90.8,9.956,10.809,15.451,17.033
0,1,90.9,9.975,10.83,15.481,17.067
0,1,91,9.994,10.85,15.511,17.1
0,1,91.1,10.013,10.871,15.541,17.134
0,1,91.2,10.032,10.892,15.571,17.167
0,1,91.3,10.051,10.912,15.601,17.2
0,1,91.4,10.07,10.933,15.631,17.234
0,1,91.5,10.089,10.953,15.662,17.267
0,1,91.6,10.108,10.974,15.692,17.301
0,1,91.7,10.127,10.995,15.722,17.334
0,1,91.8,10.146,11.015,15.752,17.368
0,1,91.9,10.164,11.036,15.782,17.402
0,1,92,10.183,11.056,15.813,17.435
0,1,92.1,10.202,11.077,15.843,17.469
0,1,92.2,10.221,11.098,15.873,17.502
0,1,92.3,10.24,11.118,15.903,17.535
0,1,92.4,10.258,11.139,15.934,17.569
0,1,92.5,10.277,11.159,15.964,17.603
0,1,92.6,10.296,11.18,15.994,17.636
0,1,92.7,10.315,11.201,16.025,17.671
0,1,92.8,10.334,11.221,16.055,17.704
0,1,92.9,10.353,11.242,16.085,17.738
0,1,93,10.372,11.262,16.116,17.772
0,1,93.1,10.391,11.283,16.146,17.806
0,1,93.2,10.409,11.304,16.177,17.84
0,1,93.3,10.428,11.324,16.207,17.873
0,1,93.4,10.447,11.345,16.237,17.907
0,1,93.5,10.466,11.366,16.268,17.942
0,1,93.6,10.485,11.386,16.298,17.975
0,1,93.7,10.504,11.407,16.329,18.01
0,1,93.8,10.523,11.428,16.36,18.044
0,1,93.9,10.542,11.448,16.39,18.078
0,1,94,10.561,11.469,16.421,18.112
0,1,94.1,10.58,11.49,16.452,18.146
0,1,94.2,10.599,11.511,16.483,18.181
0,1,94.3,10.618,11.532,16.513,18.215
0,1,94.4,10.637,11.552,16.545,18.25
0,1,94.5,10.656,11.573,16.576,18.284
0,1,94.6,10.675,11.594,16.606,18.318
0,1,94.7,10.694,11.615,16.637,18.353
0,1,94.8,10.713,11.636,16.669,18.388
0,1,94.9,10.732,11.657,16.7,18.423
0,1,95,10.751,11.678,16.731,18.457
0,1,95.1,10.77,11.699,16.762,18.492
0,1,95.2,10.789,11.719,16.793,18.527
0,1,95.3,10.809,11.74,16.825,18.562
0,1,95.4,10.828,11.761,16.856,18.597
0,1,95.5,10.847,11.783,16.887,18.632
0,1,95.6,10.866,11.804,16.919,18.667
0,1,95.7,10.885,11.825,16.95,18.702
0,1,95.8,10.905,11.846,16.982,18.737
0,1,95.9,10.924,11.867,17.013,18.773
0,1,96,10.943,11.888,17.045,18.808
0,1,96.1,10.963,11.909,17.077,18.844
0,1,96.2,10.982,11.93,17.109,18.879
0,1,96.3,11.001,11.952,17.14,18.915
0,1,96.4,11.021,11.973,17.172,18.95
0,1,96.5,11.04,11.994,17.204,18.986
0,1,96.6,11.059,12.015,17.236,19.022
0,1,96.7,11.079,12.037,17.268,19.058
0,1,96.8,11.099,12.058,17.3,19.094
0,1,96.9,11.118,12.08,17.333,19.13
0,1,97,11.137,12.101,17.365,19.166
0,1,97.1,11.157,12.123,17.398,19.203
0,1,97.2,11.177,12.144,17.43,19.239
0,1,97.3,11.197,12.166,17.463,19.275
0,1,97.4,11.216,12.188,17.495,19.312
0,1,97.5,11.236,12.209,17.528,19.349
0,1,97.6,11.256,12.231,17.561,19.385
0,1,97.7,11.276,12.253,17.594,19.422
0,1,97.8,11.295,12.275,17.627,19.459
0,1,97.9,11.315,12.297,17.66,19.496
0,1,98,11.336,12.319,17.693,19.533
0,1,98.1,11.355,12.341,17.727,19.571
0,1,98.2,11.376,12.363,17.76,19.608
0,1,98.3,11.396,12.385,17.793,19.646
0,1,98.4,11.416,12.407,17.827,19.684
0,1,98.5,11.436,12.429,17.861,19.721
0,1,98.6,11.456,12.452,17.895,19.76
0,1,98.7,11.477,12.474,17.929,19.797
0,1,98.8,11.497,12.496,17.963,19.836
0,1,98.9,11.518,12.519,17.997,19.874
0,1,99,11.538,12.542,18.031,19.913
0,1,99.1,11.559,12.564,18.066,19.951
0,1,99.2,11.579,12.587,18.1,19.99
0,1,99.3,11.6,12.61,18.135,20.028
0,1,99.4,11.621,12.633,18.17,20.068
0,1,99.5,11.642,12.655,18.205,20.107
0,1,99.6,11.663,12.679,18.239,20.146
0,1,99.7,11.684,12.702,18.275,20.186
0,1,99.8,11.705,12.725,18.31,20.226
0,1,99.9,11.726,12.748,18.345,20.265
0,1,100,11.747,12.771,18.381,20.305
0,1,100.1,11.768,12.795,18.417,20.345
0,1,100.2,11.79,12.818,18.452,20.385
0,1,100.3,11.811,12.842,18.488,20.426
0,1,100.4,11.832,12.865,18.524,20.466
0,1,100.5,11.854,12.889,18.561,20.507
0,1,100.6,11.875,12.913,18.597,20.548
0,1,100.7,11.897,12.937,18.633,20.588
0,1,100.8,11.919,12.96,18.67,20.63
0,1,100.9,11.94,12.984,18.706,20.671
0,1,101,11.962,13.008,18.743,20.712
0,1,101.1,11.984,13.033,18.78,20.754
0,1,101.2,12.006,13.057,18.817,20.796
0,1,101.3,12.028,13.081,18.855,20.838
0,1,101.4,12.05,13.105,18.892,20.88
0,1,101.5,12.072,13.13,18.93,20.922
0,1,101.6,12.095,13.155,18.967,20.964
0,1,101.7,12.117,13.179,19.005,21.006
0,1,101.8,12.14,13.204,19.043,21.049
0,1,101.9,12.162,13.229,19.081,21.092
0,1,102,12.184,13.253,19.119,21.136
0,1,102.1,12.207,13.278,19.157,21.179
0,1,102.2,12.23,13.303,19.196,21.222
0,1,102.3,12.253,13.329,19.235,21.265
0,1,102.4,12.275,13.354,19.273,21.309
0,1,102.5,12.298,13.379,19.312,21.352
0,1,102.6,12.321,13.404,19.351,21.396
0,1,102.7,12.344,13.43,19.39,21.44
0,1,102.8,12.367,13.455,19.429,21.484
0,1,102.9,12.391,13.481,19.469,21.529
0,1,103,12.414,13.506,19.508,21.574
0,1,103.1,12.437,13.532,19.548,21.618
0,1,103.2,12.46,13.558,19.588,21.663
0,1,103.3,12.484,13.584,19.628,21.708
0,1,103.4,12.507,13.61,19.668,21.754
0,1,103.5,12.531,13.636,19.708,21.799
0,1,103.6,12.555,13.662,19.748,21.844
0,1,103.7,12.578,13.688,19.789,21.889
0,1,103.8,12.602,13.714,19.829,21.935
0,1,103.9,12.626,13.741,19.87,21.981
0,1,104,12.65,13.767,19.911,22.027
0,1,104.1,12.674,13.793,19.952,22.074
0,1,104.2,12.698,13.82,19.993,22.12
0,1,104.3,12.722,13.847,20.034,22.166
0,1,104.4,12.746,13.873,20.076,22.213
0,1,104.5,12.77,13.9,20.117,22.26
0,1,104.6,12.795,13.927,20.158,22.306
0,1,104.7,12.819,13.954,20.2,22.354
0,1,104.8,12.844,13.981,20.242,22.401
0,1,104.9,12.868,14.008,20.284,22.449
0,1,105,12.893,14.035,20.326,22.496
0,1,105.1,12.917,14.063,20.369,22.544
0,1,105.2,12.942,14.09,20.411,22.592
0,1,105.3,12.967,14.117,20.454,22.641
0,1,105.4,12.992,14.145,20.497,22.688
0,1,105.5,13.017,14.173,20.54,22.737
0,1,105.6,13.042,14.2,20.583,22.786
0,1,105.7,13.067,14.228,20.626,22.835
0,1,105.8,13.092,14.256,20.669,22.883
0,1,105.9,13.117,14.284,20.713,22.933
0,1,106,13.143,14.312,20.756,22.982
0,1,106.1,13.168,14.34,20.8,23.032
0,1,106.2,13.194,14.368,20.845,23.082
0,1,106.3,13.22,14.397,20.888,23.131
0,1,106.4,13.245,14.425,20.933,23.181
0,1,106.5,13.271,14.454,20.977,23.231
0,1,106.6,13.297,14.482,21.022,23.282
0,1,106.7,13.323,14.511,21.067,23.333
0,1,106.8,13.349,14.54,21.111,23.383
0,1,106.9,13.375,14.569,21.157,23.434
0,1,107,13.401,14.598,21.202,23.485
0,1,107.1,13.427,14.627,21.247,23.536
0,1,107.2,13.454,14.656,21.292,23.588
0,1,107.3,13.48,14.685,21.338,23.64
0,1,107.4,13.507,14.715,21.384,23.691
0,1,107.5,13.533,14.744,21.43,23.743
0,1,107.6,13.56,14.773,21.476,23.796
0,1,107.7,13.586,14.803,21.523,23.848
0,1,107.8,13.614,14.833,21.569,23.9
0,1,107.9,13.64,14.863,21.615,23.953
0,1,108,13.667,14.892,21.662,24.006
0,1,108.1,13.694,14.922,21.709,24.059
0,1,108.2,13.722,14.953,21.756,24.112
0,1,108.3,13.749,14.983,21.803,24.166
0,1,108.4,13.776,15.013,21.851,24.219
0,1,108.5,13.803,15.043,21.898,24.273
0,1,108.6,13.831,15.073,21.946,24.327
0,1,108.7,13.859,15.104,21.993,24.381
0,1,108.8,13.886,15.135,22.041,24.435
0,1,108.9,13.914,15.165,22.089,24.489
0,1,109,13.942,15.196,22.138,24.544
0,1,109.1,13.969,15.227,22.186,24.599
0,1,109.2,13.998,15.258,22.234,24.653
0,1,109.3,14.025,15.289,22.283,24.708
0,1,109.4,14.053,15.32,22.332,24.764
0,1,109.5,14.081,15.351,22.38,24.819
0,1,109.6,14.11,15.382,22.429,24.875
0,1,109.7,14.138,15.413,22.479,24.93
0,1,109.8,14.166,15.445,22.528,24.986
0,1,109.9,14.195,15.476,22.577,25.041
0,1,110,14.223,15.508,22.626,25.098
0,1,110.1,14.251,15.539,22.676,25.154
0,1,110.2,14.28,15.571,22.726,25.21
0,1,110.3,14.309,15.603,22.776,25.267
0,1,110.4,14.337,15.634,22.826,25.324
0,1,110.5,14.366,15.666,22.876,25.381
0,1,110.6,14.395,15.698,22.926,25.438
0,1,110.7,14.424,15.73,22.977,25.495
0,1,110.8,14.452,15.762,23.027,25.552
0,1,110.9,14.481,15.794,23.078,25.61
0,1,111,14.511,15.827,23.128,25.666
0,1,111.1,14.54,15.859,23.179,25.724
0,1,111.2,14.569,15.891,23.23,25.782
0,1,111.3,14.598,15.924,23.281,25.84
0,1,111.4,14.627,15.956,23.332,25.898
0,1,111.5,14.657,15.989,23.383,25.956
0,1,111.6,14.686,16.021,23.435,26.014
0,1,111.7,14.716,16.054,23.486,26.073
0,1,111.8,14.745,16.087,23.538,26.131
0,1,111.9,14.775,16.119,23.59,26.19
0,1,112,14.804,16.152,23.642,26.249
0,1,112.1,14.834,16.185,23.694,26.308
0,1,112.2,14.864,16.218,23.746,26.367
0,1,112.3,14.893,16.251,23.798,26.426
0,1,112.4,14.923,16.284,23.85,26.485
0,1,112.5,14.953,16.317,23.902,26.545
0,1,112.6,14.983,16.35,23.955,26.604
0,1,112.7,15.013,16.384,24.007,26.663
0,1,112.8,15.043,16.417,24.059,26.723
0,1,112.9,15.073,16.451,24.112,26.783
0,1,113,15.103,16.484,24.165,26.843
0,1,113.1,15.133,16.517,24.218,26.903
0,1,113.2,15.164,16.551,24.271,26.963
0,1,113.3,15.194,16.584,24.324,27.023
0,1,113.4,15.224,16.618,24.377,27.084
0,1,113.5,15.254,16.652,24.43,27.144
0,1,113.6,15.285,16.685,24.484,27.205
0,1,113.7,15.315,16.719,24.537,27.265
0,1,113.8,15.345,16.753,24.591,27.326
0,1,113.9,15.376,16.786,24.644,27.387
0,1,114,15.406,16.82,24.698,27.448
0,1,114.1,15.437,16.854,24.751,27.509
0,1,114.2,15.467,16.888,24.805,27.57
0,1,114.3,15.498,16.922,24.859,27.631
0,1,114.4,15.528,16.956,24.913,27.692
0,1,114.5,15.559,16.99,24.967,27.754
0,1,114.6,15.59,17.024,25.021,27.815
0,1,114.7,15.62,17.058,25.075,27.876
0,1,114.8,15.651,17.092,25.129,27.938
0,1,114.9,15.682,17.126,25.183,28
0,1,115,15.712,17.16,25.238,28.061
0,1,115.1,15.743,17.194,25.292,28.123
0,1,115.2,15.774,17.229,25.346,28.185
0,1,115.3,15.805,17.263,25.401,28.247
0,1,115.4,15.836,17.297,25.455,28.309
0,1,115.5,15.866,17.331,25.51,28.371
0,1,115.6,15.897,17.365,25.564,28.433
0,1,115.7,15.928,17.4,25.619,28.495
0,1,115.8,15.959,17.434,25.673,28.557
0,1,115.9,15.99,17.468,25.728,28.619
0,1,116,16.021,17.503,25.783,28.681
0,1,116.1,16.052,17.537,25.837,28.744
0,1,116.2,16.082,17.571,25.892,28.806
0,1,116.3,16.113,17.606,25.947,28.868
0,1,116.4,16.144,17.64,26.002,28.931
0,1,116.5,16.175,17.674,26.057,28.993
0,1,116.6,16.206,17.708,26.112,29.057
0,1,116.7,16.237,17.743,26.167,29.119
0,1,116.8,16.268,17.777,26.222,29.182
0,1,116.9,16.298,17.812,26.277,29.244
0,1,117,16.329,17.846,26.332,29.307
0,1,117.1,16.36,17.881,26.387,29.37
0,1,117.2,16.391,17.915,26.442,29.432
0,1,117.3,16.422,17.949,26.497,29.495
0,1,117.4,16.453,17.984,26.552,29.558
0,1,117.5,16.484,18.018,26.607,29.621
0,1,117.6,16.515,18.053,26.663,29.684
0,1,117.7,16.546,18.087,26.718,29.746
0,1,117.8,16.577,18.122,26.773,29.809
0,1,117.9,16.608,18.156,26.828,29.872
0,1,118,16.639,18.19,26.883,29.935
0,1,118.1,16.67,18.225,26.939,29.998
0,1,118.2,16.701,18.259,26.994,30.061
0,1,118.3,16.732,18.294,27.049,30.124
0,1,118.4,16.763,18.328,27.104,30.187
0,1,118.5,16.794,18.363,27.16,30.25
0,1,118.6,16.825,18.397,27.215,30.313
0,1,118.7,16.855,18.432,27.27,30.376
0,1,118.8,16.886,18.466,27.326,30.44
0,1,118.9,16.917,18.5,27.382,30.504
0,1,119,16.948,18.534,27.437,30.567
0,1,119.1,16.979,18.569,27.492,30.63
0,1,119.2,17.01,18.603,27.548,30.693
0,1,119.3,17.04,18.638,27.603,30.756
0,1,119.4,17.071,18.672,27.658,30.82
0,1,119.5,17.102,18.706,27.714,30.883
0,1,119.6,17.133,18.741,27.769,30.946
0,1,119.7,17.164,18.775,27.825,31.009
0,1,119.8,17.195,18.81,27.88,31.073
0,1,119.9,17.226,18.844,27.935,31.136
0,1,120,17.256,18.878,27.991,31.199
1,0,45,1.877,2.043,2.951,3.261
1,0,45.1,1.88,2.057,2.971,3.283
1,0,45.2,1.903,2.072,2.991,3.305
1,0,45.3,1.916,2.086,3.011,3.326
1,0,45.4,1.929,2.1,3.031,3.348
1,0,45.5,1.942,2.114,3.05,3.37
1,0,45.6,1.956,2.128,3.07,3.391
1,0,45.7,1.969,2.142,3.09,3.413
1,0,45.8,1.982,2.157,3.109,3.434
1,0,45.9,1.995,2.171,3.129,3.456
1,0,46,2.008,2.185,3.149,3.477
1,0,46.1,2.021,2.199,3.169,3.499
1,0,46.2,2.034,2.213,3.188,3.521
1,0,46.3,2.048,2.228,3.208,3.542
1,0,46.4,2.061,2.242,3.228,3.564
1,0,46.5,2.074,2.256,3.248,3.585
1,0,46.6,2.087,2.271,3.268,3.607
1,0,46.7,2.101,2.285,3.288,3.629
1,0,46.8,2.114,2.299,3.307,3.65
1,0,46.9,2.127,2.314,3.327,3.672
1,0,47,2.141,2.328,3.347,3.694
1,0,47.1,2.154,2.343,3.367,3.716
1,0,47.2,2.168,2.357,3.388,3.738
1,0,47.3,2.181,2.372,3.408,3.76
1,0,47.4,2.195,2.386,3.428,3.782
1,0,47.5,2.208,2.401,3.448,3.804
1,0,47.6,2.222,2.416,3.469,3.826
1,0,47.7,2.236,2.431,3.489,3.848
1,0,47.8,2.25,2.446,3.51,3.871
1,0,47.9,2.263,2.461,3.53,3.893
1,0,48,2.277,2.476,3.551,3.916
1,0,48.1,2.291,2.491,3.572,3.939
1,0,48.2,2.306,2.506,3.593,3.962
1,0,48.3,2.32,2.521,3.614,3.985
1,0,48.4,2.334,2.537,3.635,4.008
1,0,48.5,2.349,2.552,3.657,4.031
1,0,48.6,2.363,2.568,3.678,4.055
1,0,48.7,2.378,2.584,3.7,4.078
1,0,48.8,2.393,2.6,3.722,4.102
1,0,48.9,2.407,2.616,3.744,4.126
1,0,49,2.422,2.632,3.766,4.151
1,0,49.1,2.438,2.648,3.789,4.175
1,0,49.2,2.453,2.665,3.812,4.2
1,0,49.3,2.468,2.681,3.834,4.225
1,0,49.4,2.484,2.698,3.857,4.25
1,0,49.5,2.499,2.715,3.881,4.275
1,0,49.6,2.515,2.732,3.904,4.3
1,0,49.7,2.531,2.749,3.927,4.326
1,0,49.8,2.547,2.766,3.951,4.352
1,0,49.9,2.563,2.783,3.975,4.377
1,0,50,2.579,2.801,3.999,4.403
1,0,50.1,2.595,2.818,4.023,4.43
1,0,50.2,2.612,2.836,4.047,4.456
1,0,50.3,2.628,2.853,4.071,4.482
1,0,50.4,2.645,2.871,4.096,4.509
1,0,50.5,2.661,2.889,4.12,4.536
1,0,50.6,2.678,2.907,4.145,4.563
1,0,50.7,2.695,2.925,4.17,4.59
1,0,50.8,2.712,2.944,4.195,4.617
1,0,50.9,2.729,2.962,4.22,4.644
1,0,51,2.746,2.981,4.245,4.672
1,0,51.1,2.763,2.999,4.271,4.7
1,0,51.2,2.781,3.018,4.296,4.728
1,0,51.3,2.798,3.037,4.322,4.756
1,0,51.4,2.816,3.056,4.348,4.784
1,0,51.5,2.834,3.075,4.375,4.813
1,0,51.6,2.852,3.094,4.401,4.841
1,0,51.7,2.87,3.114,4.428,4.87
1,0,51.8,2.888,3.133,4.454,4.899
1,0,51.9,2.907,3.153,4.482,4.929
1,0,52,2.925,3.173,4.509,4.958
1,0,52.1,2.944,3.193,4.536,4.988
1,0,52.2,2.963,3.214,4.564,5.019
1,0,52.3,2.982,3.234,4.592,5.049
1,0,52.4,3.001,3.255,4.62,5.08
1,0,52.5,3.02,3.276,4.649,5.111
1,0,52.6,3.04,3.297,4.678,5.142
1,0,52.7,3.06,3.318,4.707,5.173
1,0,52.8,3.08,3.339,4.736,5.205
1,0,52.9,3.1,3.361,4.765,5.237
1,0,53,3.12,3.383,4.795,5.27
1,0,53.1,3.14,3.405,4.825,5.302
1,0,53.2,3.161,3.427,4.855,5.335
1,0,53.3,3.182,3.449,4.885,5.368
1,0,53.4,3.202,3.472,4.916,5.401
1,0,53.5,3.223,3.494,4.947,5.434
1,0,53.6,3.245,3.517,4.978,5.468
1,0,53.7,3.266,3.54,5.009,5.502
1,0,53.8,3.287,3.563,5.04,5.536
1,0,53.9,3.309,3.586,5.072,5.57
1,0,54,3.33,3.609,5.104,5.605
1,0,54.1,3.352,3.633,5.136,5.639
1,0,54.2,3.374,3.656,5.168,5.674
1,0,54.3,3.396,3.68,5.2,5.709
1,0,54.4,3.418,3.704,5.232,5.744
1,0,54.5,3.44,3.727,5.264,5.779
1,0,54.6,3.463,3.751,5.297,5.815
1,0,54.7,3.485,3.775,5.33,5.85
1,0,54.8,3.507,3.799,5.363,5.886
1,0,54.9,3.53,3.824,5.396,5.922
1,0,55,3.553,3.848,5.428,5.957
1,0,55.1,3.575,3.872,5.462,5.993
1,0,55.2,3.598,3.897,5.495,6.029
1,0,55.3,3.621,3.921,5.528,6.066
1,0,55.4,3.644,3.946,5.562,6.102
1,0,55.5,3.667,3.971,5.595,6.138
1,0,55.6,3.69,3.996,5.629,6.175
1,0,55.7,3.713,4.02,5.663,6.211
1,0,55.8,3.736,4.045,5.696,6.248
1,0,55.9,3.76,4.07,5.73,6.285
1,0,56,3.783,4.095,5.764,6.322
1,0,56.1,3.806,4.121,5.798,6.358
1,0,56.2,3.83,4.146,5.832,6.395
1,0,56.3,3.853,4.171,5.866,6.432
1,0,56.4,3.876,4.196,5.901,6.469
1,0,56.5,3.9,4.221,5.935,6.506
1,0,56.6,3.923,4.246,5.969,6.543
1,0,56.7,3.947,4.272,6.003,6.581
1,0,56.8,3.97,4.297,6.037,6.617
1,0,56.9,3.994,4.322,6.071,6.655
1,0,57,4.017,4.347,6.106,6.692
1,0,57.1,4.041,4.373,6.14,6.728
1,0,57.2,4.064,4.398,6.174,6.766
1,0,57.3,4.088,4.423,6.208,6.803
1,0,57.4,4.111,4.448,6.242,6.84
1,0,57.5,4.135,4.474,6.276,6.877
1,0,57.6,4.159,4.499,6.31,6.913
1,0,57.7,4.182,4.524,6.344,6.95
1,0,57.8,4.206,4.549,6.378,6.987
1,0,57.9,4.229,4.574,6.412,7.024
1,0,58,4.252,4.599,6.447,7.061
1,0,58.1,4.276,4.625,6.48,7.098
1,0,58.2,4.299,4.65,6.514,7.135
1,0,58.3,4.323,4.675,6.548,7.171
1,0,58.4,4.346,4.7,6.582,7.208
1,0,58.5,4.369,4.725,6.616,7.245
1,0,58.6,4.393,4.75,6.65,7.281
1,0,58.7,4.416,4.775,6.683,7.318
1,0,58.8,4.439,4.8,6.717,7.354
1,0,58.9,4.462,4.825,6.751,7.391
1,0,59,4.485,4.849,6.784,7.427
1,0,59.1,4.508,4.874,6.818,7.463
1,0,59.2,4.531,4.899,6.851,7.499
1,0,59.3,4.554,4.924,6.884,7.535
1,0,59.4,4.577,4.948,6.917,7.571
1,0,59.5,4.6,4.973,6.951,7.607
1,0,59.6,4.623,4.997,6.984,7.643
1,0,59.7,4.646,5.022,7.017,7.679
1,0,59.8,4.668,5.046,7.049,7.714
1,0,59.9,4.691,5.07,7.082,7.75
1,0,60,4.713,5.094,7.115,7.785
1,0,60.1,4.735,5.118,7.147,7.82
1,0,60.2,4.758,5.142,7.179,7.855
1,0,60.3,4.78,5.166,7.211,7.89
1,0,60.4,4.802,5.189,7.244,7.925
1,0,60.5,4.824,5.213,7.275,7.959
1,0,60.6,4.846,5.236,7.307,7.994
1,0,60.7,4.868,5.26,7.339,8.028
1,0,60.8,4.889,5.283,7.37,8.062
1,0,60.9,4.911,5.306,7.402,8.096
1,0,61,4.932,5.329,7.433,8.13
1,0,61.1,4.954,5.352,7.464,8.164
1,0,61.2,4.975,5.375,7.495,8.197
1,0,61.3,4.996,5.398,7.526,8.231
1,0,61.4,5.017,5.421,7.557,8.264
1,0,61.5,5.039,5.443,7.587,8.297
1,0,61.6,5.059,5.466,7.618,8.33
1,0,61.7,5.08,5.488,7.648,8.363
1,0,61.8,5.101,5.511,7.679,8.396
1,0,61.9,5.122,5.533,7.709,8.429
1,0,62,5.143,5.555,7.739,8.462
1,0,62.1,5.163,5.577,7.769,8.494
1,0,62.2,5.184,5.599,7.799,8.527
1,0,62.3,5.204,5.621,7.829,8.559
1,0,62.4,5.225,5.643,7.858,8.591
1,0,62.5,5.245,5.665,7.888,8.624
1,0,62.6,5.265,5.687,7.918,8.656
1,0,62.7,5.286,5.709,7.947,8.688
1,0,62.8,5.306,5.73,7.977,8.72
1,0,62.9,5.326,5.752,8.006,8.752
1,0,63,5.346,5.774,8.035,8.784
1,0,63.1,5.366,5.795,8.065,8.815
1,0,63.2,5.386,5.817,8.094,8.847
1,0,63.3,5.406,5.838,8.123,8.879
1,0,63.4,5.426,5.859,8.152,8.91
1,0,63.5,5.445,5.88,8.181,8.942
1,0,63.6,5.465,5.902,8.21,8.973
1,0,63.7,5.485,5.923,8.239,9.004
1,0,63.8,5.504,5.944,8.268,9.036
1,0,63.9,5.524,5.965,8.296,9.067
1,0,64,5.544,5.986,8.325,9.098
1,0,64.1,5.563,6.007,8.354,9.129
1,0,64.2,5.582,6.028,8.382,9.16
1,0,64.3,5.602,6.049,8.41,9.191
1,0,64.4,5.621,6.069,8.439,9.222
1,0,64.5,5.64,6.09,8.467,9.253
1,0,64.6,5.659,6.111,8.496,9.284
1,0,64.7,5.679,6.131,8.524,9.314
1,0,64.8,5.698,6.152,8.552,9.345
1,0,64.9,5.717,6.172,8.58,9.375
1,0,65,5.736,6.193,8.608,9.406
1,0,65.1,5.755,6.213,8.636,9.437
1,0,65.2,5.774,6.234,8.664,9.467
1,0,65.3,5.793,6.254,8.692,9.498
1,0,65.4,5.812,6.274,8.72,9.528
1,0,65.5,5.83,6.295,8.748,9.558
1,0,65.6,5.849,6.315,8.776,9.589
1,0,65.7,5.868,6.335,8.804,9.619
1,0,65.8,5.887,6.355,8.831,9.649
1,0,65.9,5.905,6.376,8.859,9.68
1,0,66,5.924,6.396,8.887,9.71
1,0,66.1,5.943,6.416,8.915,9.74
1,0,66.2,5.961,6.436,8.943,9.771
1,0,66.3,5.98,6.456,8.97,9.801
1,0,66.4,5.999,6.476,8.998,9.831
1,0,66.5,6.017,6.496,9.026,9.861
1,0,66.6,6.035,6.516,9.053,9.891
1,0,66.7,6.054,6.536,9.081,9.921
1,0,66.8,6.072,6.556,9.108,9.951
1,0,66.9,6.091,6.575,9.136,9.981
1,0,67,6.109,6.595,9.163,10.011
1,0,67.1,6.127,6.615,9.191,10.041
1,0,67.2,6.146,6.635,9.218,10.071
1,0,67.3,6.164,6.654,9.246,10.101
1,0,67.4,6.182,6.674,9.273,10.131
1,0,67.5,6.2,6.694,9.3,10.161
1,0,67.6,6.218,6.713,9.327,10.191
1,0,67.7,6.236,6.733,9.355,10.221
1,0,67.8,6.255,6.752,9.382,10.251
1,0,67.9,6.273,6.772,9.409,10.28
1,0,68,6.291,6.791,9.436,10.31
1,0,68.1,6.309,6.811,9.464,10.34
1,0,68.2,6.327,6.83,9.491,10.369
1,0,68.3,6.345,6.85,9.518,10.399
1,0,68.4,6.363,6.869,9.545,10.429
1,0,68.5,6.38,6.888,9.572,10.459
1,0,68.6,6.398,6.908,9.599,10.488
1,0,68.7,6.416,6.927,9.626,10.518
1,0,68.8,6.434,6.946,9.654,10.548
1,0,68.9,6.452,6.966,9.681,10.578
1,0,69,6.47,6.985,9.708,10.607
1,0,69.1,6.488,7.004,9.735,10.637
1,0,69.2,6.505,7.024,9.762,10.667
1,0,69.3,6.523,7.043,9.789,10.697
1,0,69.4,6.541,7.062,9.816,10.726
1,0,69.5,6.559,7.081,9.843,10.756
1,0,69.6,6.576,7.101,9.871,10.786
1,0,69.7,6.594,7.12,9.898,10.816
1,0,69.8,6.612,7.139,9.925,10.845
1,0,69.9,6.63,7.158,9.952,10.875
1,0,70,6.647,7.177,9.979,10.905
1,0,70.1,6.665,7.197,10.006,10.934
1,0,70.2,6.683,7.216,10.033,10.964
1,0,70.3,6.7,7.235,10.06,10.994
1,0,70.4,6.718,7.254,10.087,11.023
1,0,70.5,6.735,7.273,10.114,11.053
1,0,70.6,6.753,7.292,10.141,11.083
1,0,70.7,6.771,7.311,10.168,11.112
1,0,70.8,6.788,7.33,10.195,11.142
1,0,70.9,6.805,7.349,10.222,11.172
1,0,71,6.823,7.368,10.248,11.201
1,0,71.1,6.84,7.387,10.275,11.23
1,0,71.2,6.858,7.406,10.302,11.259
1,0,71.3,6.875,7.424,10.329,11.289
1,0,71.4,6.892,7.443,10.355,11.318
1,0,71.5,6.909,7.462,10.382,11.348
1,0,71.6,6.927,7.48,10.408,11.377
1,0,71.7,6.944,7.499,10.435,11.406
1,0,71.8,6.961,7.518,10.461,11.435
1,0,71.9,6.978,7.536,10.488,11.464
1,0,72,6.995,7.555,10.514,11.493
1,0,72.1,7.012,7.573,10.54,11.522
1,0,72.2,7.029,7.592,10.567,11.551
1,0,72.3,7.046,7.61,10.593,11.58
1,0,72.4,7.063,7.628,10.619,11.608
1,0,72.5,7.08,7.647,10.645,11.637
1,0,72.6,7.097,7.665,10.671,11.666
1,0,72.7,7.113,7.683,10.697,11.694
1,0,72.8,7.13,7.701,10.723,11.723
1,0,72.9,7.147,7.719,10.749,11.751
1,0,73,7.163,7.737,10.774,11.78
1,0,73.1,7.18,7.755,10.8,11.808
1,0,73.2,7.196,7.773,10.826,11.836
1,0,73.3,7.213,7.791,10.851,11.864
1,0,73.4,7.229,7.809,10.877,11.892
1,0,73.5,7.246,7.827,10.902,11.92
1,0,73.6,7.262,7.844,10.927,11.948
1,0,73.7,7.278,7.862,10.952,11.975
1,0,73.8,7.294,7.88,10.978,12.003
1,0,73.9,7.311,7.897,11.003,12.031
1,0,74,7.327,7.915,11.028,12.059
1,0,74.1,7.343,7.932,11.053,12.086
1,0,74.2,7.359,7.95,11.078,12.113
1,0,74.3,7.375,7.967,11.103,12.141
1,0,74.4,7.391,7.985,11.127,12.168
1,0,74.5,7.407,8.002,11.152,12.195
1,0,74.6,7.423,8.019,11.177,12.222
1,0,74.7,7.439,8.036,11.201,12.25
1,0,74.8,7.455,8.054,11.226,12.277
1,0,74.9,7.471,8.071,11.25,12.304
1,0,75,7.486,8.088,11.275,12.33
1,0,75.1,7.502,8.105,11.299,12.357
1,0,75.2,7.518,8.122,11.324,12.384
1,0,75.3,7.533,8.139,11.348,12.411
1,0,75.4,7.549,8.156,11.372,12.437
1,0,75.5,7.565,8.173,11.396,12.464
1,0,75.6,7.58,8.19,11.42,12.49
1,0,75.7,7.596,8.207,11.444,12.516
1,0,75.8,7.611,8.223,11.468,12.543
1,0,75.9,7.626,8.24,11.492,12.569
1,0,76,7.641,8.257,11.515,12.595
1,0,76.1,7.657,8.273,11.539,12.621
1,0,76.2,7.672,8.29,11.562,12.646
1,0,76.3,7.687,8.306,11.585,12.672
1,0,76.4,7.702,8.323,11.609,12.698
1,0,76.5,7.717,8.339,11.632,12.723
1,0,76.6,7.732,8.355,11.655,12.749
1,0,76.7,7.747,8.371,11.678,12.773
1,0,76.8,7.762,8.387,11.701,12.799
1,0,76.9,7.777,8.403,11.723,12.824
1,0,77,7.792,8.42,11.746,12.848
1,0,77.1,7.807,8.436,11.769,12.873
1,0,77.2,7.821,8.452,11.791,12.898
1,0,77.3,7.836,8.467,11.813,12.923
1,0,77.4,7.851,8.483,11.836,12.947
1,0,77.5,7.865,8.499,11.858,12.972
1,0,77.6,7.88,8.515,11.88,12.996
1,0,77.7,7.895,8.531,11.902,13.02
1,0,77.8,7.909,8.546,11.925,13.044
1,0,77.9,7.923,8.562,11.946,13.068
1,0,78,7.938,8.578,11.968,13.092
1,0,78.1,7.952,8.593,11.99,13.116
1,0,78.2,7.967,8.609,12.012,13.14
1,0,78.3,7.981,8.624,12.033,13.164
1,0,78.4,7.995,8.64,12.055,13.187
1,0,78.5,8.01,8.655,12.077,13.211
1,0,78.6,8.024,8.671,12.098,13.234
1,0,78.7,8.039,8.686,12.12,13.258
1,0,78.8,8.053,8.702,12.141,13.281
1,0,78.9,8.067,8.718,12.162,13.304
1,0,79,8.082,8.733,12.184,13.328
1,0,79.1,8.096,8.749,12.205,13.351
1,0,79.2,8.111,8.764,12.227,13.375
1,0,79.3,8.125,8.78,12.248,13.398
1,0,79.4,8.14,8.795,12.269,13.421
1,0,79.5,8.154,8.811,12.291,13.445
1,0,79.6,8.169,8.826,12.313,13.468
1,0,79.7,8.183,8.842,12.334,13.491
1,0,79.8,8.198,8.858,12.355,13.514
1,0,79.9,8.213,8.874,12.377,13.538
1,0,80,8.227,8.89,12.399,13.561
1,0,80.1,8.242,8.906,12.42,13.585
1,0,80.2,8.257,8.922,12.442,13.608
1,0,80.3,8.272,8.938,12.464,13.632
1,0,80.4,8.287,8.954,12.485,13.655
1,0,80.5,8.302,8.97,12.507,13.679
1,0,80.6,8.317,8.986,12.529,13.703
1,0,80.7,8.332,9.002,12.551,13.726
1,0,80.8,8.348,9.019,12.573,13.75
1,0,80.9,8.363,9.035,12.595,13.774
1,0,81,8.379,9.052,12.617,13.798
1,0,81.1,8.394,9.069,12.64,13.822
1,0,81.2,8.41,9.085,12.662,13.847
1,0,81.3,8.425,9.102,12.685,13.871
1,0,81.4,8.441,9.119,12.707,13.895
1,0,81.5,8.457,9.136,12.73,13.92
1,0,81.6,8.473,9.153,12.753,13.945
1,0,81.7,8.489,9.171,12.776,13.969
1,0,81.8,8.506,9.188,12.799,13.994
1,0,81.9,8.522,9.205,12.822,14.019
1,0,82,8.538,9.223,12.845,14.044
1,0,82.1,8.555,9.241,12.869,14.069
1,0,82.2,8.572,9.258,12.892,14.095
1,0,82.3,8.589,9.277,12.916,14.12
1,0,82.4,8.606,9.295,12.94,14.146
1,0,82.5,8.623,9.313,12.964,14.172
1,0,82.6,8.64,9.331,12.988,14.198
1,0,82.7,8.657,9.35,13.013,14.224
1,0,82.8,8.675,9.368,13.037,14.25
1,0,82.9,8.692,9.387,13.061,14.277
1,0,83,8.71,9.406,13.086,14.303
1,0,83.1,8.728,9.425,13.111,14.33
1,0,83.2,8.746,9.444,13.137,14.357
1,0,83.3,8.764,9.463,13.162,14.384
1,0,83.4,8.782,9.483,13.187,14.412
1,0,83.5,8.8,9.503,13.213,14.439
1,0,83.6,8.819,9.522,13.238,14.466
1,0,83.7,8.837,9.542,13.264,14.494
1,0,83.8,8.856,9.562,13.29,14.522
1,0,83.9,8.875,9.582,13.316,14.55
1,0,84,8.894,9.602,13.342,14.578
1,0,84.1,8.913,9.622,13.369,14.606
1,0,84.2,8.932,9.643,13.396,14.635
1,0,84.3,8.951,9.663,13.422,14.663
1,0,84.4,8.971,9.684,13.449,14.692
1,0,84.5,8.99,9.705,13.476,14.721
1,0,84.6,9.01,9.725,13.503,14.75
1,0,84.7,9.029,9.746,13.53,14.778
1,0,84.8,9.049,9.767,13.557,14.808
1,0,84.9,9.069,9.788,13.584,14.837
1,0,85,9.088,9.809,13.612,14.866
1,0,85.1,9.109,9.831,13.639,14.895
1,0,85.2,9.128,9.852,13.667,14.925
1,0,85.3,9.149,9.873,13.694,14.955
1,0,85.4,9.169,9.895,13.722,14.984
1,0,85.5,9.189,9.916,13.75,15.014
1,0,85.6,9.209,9.938,13.777,15.043
1,0,85.7,9.229,9.959,13.806,15.074
1,0,85.8,9.25,9.981,13.833,15.103
1,0,85.9,9.27,10.002,13.861,15.133
1,0,86,9.29,10.024,13.89,15.163
1,0,86.1,9.311,10.046,13.917,15.193
1,0,86.2,9.331,10.067,13.946,15.224
1,0,86.3,9.352,10.089,13.974,15.253
1,0,86.4,9.372,10.111,14.002,15.284
1,0,86.5,9.392,10.133,14.03,15.314
1,0,86.6,9.413,10.154,14.059,15.344
1,0,86.7,9.433,10.176,14.087,15.374
1,0,86.8,9.454,10.198,14.115,15.405
1,0,86.9,9.474,10.22,14.143,15.435
1,0,87,9.495,10.242,14.172,15.465
1,0,87.1,9.515,10.263,14.2,15.496
1,0,87.2,9.536,10.285,14.228,15.526
1,0,87.3,9.556,10.307,14.257,15.556
1,0,87.4,9.576,10.328,14.285,15.587
1,0,87.5,9.597,10.35,14.313,15.617
1,0,87.6,9.617,10.372,14.341,15.647
1,0,87.7,9.637,10.393,14.37,15.677
1,0,87.8,9.658,10.415,14.398,15.708
1,0,87.9,9.678,10.436,14.426,15.738
1,0,88,9.698,10.458,14.454,15.768
1,0,88.1,9.718,10.479,14.482,15.798
1,0,88.2,9.738,10.501,14.51,15.828
1,0,88.3,9.758,10.522,14.538,15.859
1,0,88.4,9.778,10.544,14.566,15.889
1,0,88.5,9.798,10.565,14.594,15.919
1,0,88.6,9.818,10.586,14.622,15.949
1,0,88.7,9.838,10.607,14.65,15.979
1,0,88.8,9.858,10.629,14.678,16.009
1,0,88.9,9.877,10.65,14.706,16.039
1,0,89,9.897,10.671,14.734,16.069
1,0,89.1,9.917,10.692,14.762,16.099
1,0,89.2,9.937,10.713,14.79,16.129
1,0,89.3,9.956,10.734,14.818,16.159
1,0,89.4,9.976,10.755,14.845,16.189
1,0,89.5,9.995,10.775,14.873,16.219
1,0,89.6,10.015,10.796,14.901,16.249
1,0,89.7,10.034,10.817,14.928,16.278
1,0,89.8,10.053,10.838,14.956,16.309
1,0,89.9,10.073,10.858,14.984,16.338
1,0,90,10.092,10.879,15.011,16.368
1,0,90.1,10.111,10.899,15.039,16.398
1,0,90.2,10.13,10.92,15.066,16.428
1,0,90.3,10.149,10.94,15.094,16.458
1,0,90.4,10.169,10.961,15.121,16.487
1,0,90.5,10.188,10.981,15.149,16.517
1,0,90.6,10.207,11.002,15.176,16.546
1,0,90.7,10.226,11.022,15.204,16.576
1,0,90.8,10.244,11.043,15.231,16.606
1,0,90.9,10.263,11.063,15.258,16.636
1,0,91,10.282,11.083,15.286,16.666
1,0,91.1,10.301,11.103,15.314,16.696
1,0,91.2,10.32,11.123,15.341,16.725
1,0,91.3,10.339,11.144,15.368,16.755
1,0,91.4,10.357,11.164,15.396,16.785
1,0,91.5,10.376,11.184,15.423,16.815
1,0,91.6,10.395,11.204,15.451,16.845
1,0,91.7,10.414,11.224,15.478,16.874
1,0,91.8,10.432,11.244,15.506,16.904
1,0,91.9,10.451,11.264,15.533,16.934
1,0,92,10.469,11.284,15.561,16.964
1,0,92.1,10.488,11.304,15.588,16.994
1,0,92.2,10.507,11.324,15.615,17.024
1,0,92.3,10.525,11.344,15.643,17.054
1,0,92.4,10.544,11.364,15.67,17.083
1,0,92.5,10.562,11.384,15.698,17.114
1,0,92.6,10.58,11.404,15.726,17.144
1,0,92.7,10.599,11.424,15.753,17.174
1,0,92.8,10.617,11.444,15.78,17.204
1,0,92.9,10.635,11.463,15.808,17.234
1,0,93,10.654,11.483,15.836,17.264
1,0,93.1,10.672,11.503,15.864,17.295
1,0,93.2,10.691,11.523,15.891,17.325
1,0,93.3,10.709,11.543,15.919,17.355
1,0,93.4,10.727,11.563,15.946,17.385
1,0,93.5,10.745,11.582,15.974,17.416
1,0,93.6,10.764,11.602,16.002,17.446
1,0,93.7,10.782,11.622,16.03,17.477
1,0,93.8,10.8,11.641,16.058,17.508
1,0,93.9,10.818,11.661,16.086,17.538
1,0,94,10.837,11.681,16.114,17.569
1,0,94.1,10.855,11.701,16.142,17.6
1,0,94.2,10.873,11.721,16.17,17.63
1,0,94.3,10.891,11.741,16.198,17.661
1,0,94.4,10.91,11.76,16.226,17.692
1,0,94.5,10.928,11.78,16.254,17.723
1,0,94.6,10.946,11.8,16.282,17.754
1,0,94.7,10.964,11.82,16.311,17.786
1,0,94.8,10.983,11.84,16.339,17.817
1,0,94.9,11.001,11.86,16.368,17.849
1,0,95,11.02,11.88,16.396,17.88
1,0,95.1,11.038,11.899,16.425,17.911
1,0,95.2,11.056,11.919,16.454,17.943
1,0,95.3,11.075,11.94,16.482,17.974
1,0,95.4,11.093,11.96,16.511,18.006
1,0,95.5,11.111,11.98,16.54,18.038
1,0,95.6,11.13,12,16.569,18.07
1,0,95.7,11.148,12.02,16.598,18.103
1,0,95.8,11.167,12.04,16.627,18.135
1,0,95.9,11.185,12.06,16.657,18.167
1,0,96,11.204,12.08,16.686,18.2
1,0,96.1,11.222,12.1,16.715,18.232
1,0,96.2,11.241,12.121,16.745,18.265
1,0,96.3,11.26,12.141,16.775,18.298
1,0,96.4,11.278,12.161,16.804,18.331
1,0,96.5,11.297,12.182,16.834,18.364
1,0,96.6,11.315,12.202,16.864,18.397
1,0,96.7,11.334,12.223,16.894,18.43
1,0,96.8,11.353,12.243,16.924,18.464
1,0,96.9,11.372,12.264,16.955,18.498
1,0,97,11.39,12.284,16.985,18.532
1,0,97.1,11.41,12.305,17.015,18.565
1,0,97.2,11.428,12.326,17.046,18.599
1,0,97.3,11.447,12.347,17.077,18.633
1,0,97.4,11.466,12.367,17.108,18.668
1,0,97.5,11.485,12.388,17.139,18.702
1,0,97.6,11.505,12.409,17.17,18.737
1,0,97.7,11.524,12.43,17.201,18.771
1,0,97.8,11.543,12.451,17.233,18.807
1,0,97.9,11.562,12.472,17.264,18.842
1,0,98,11.582,12.494,17.296,18.877
1,0,98.1,11.601,12.515,17.327,18.912
1,0,98.2,11.62,12.536,17.359,18.948
1,0,98.3,11.64,12.558,17.391,18.983
1,0,98.4,11.659,12.579,17.423,19.019
1,0,98.5,11.679,12.6,17.455,19.055
1,0,98.6,11.698,12.622,17.488,19.091
1,0,98.7,11.718,12.644,17.52,19.127
1,0,98.8,11.738,12.665,17.553,19.164
1,0,98.9,11.757,12.687,17.586,19.201
1,0,99,11.777,12.709,17.618,19.237
1,0,99.1,11.797,12.731,17.651,19.274
1,0,99.2,11.817,12.752,17.684,19.311
1,0,99.3,11.837,12.774,17.718,19.348
1,0,99.4,11.857,12.796,17.751,19.385
1,0,99.5,11.877,12.818,17.784,19.423
1,0,99.6,11.897,12.84,17.818,19.46
1,0,99.7,11.917,12.863,17.852,19.498
1,0,99.8,11.937,12.885,17.885,19.536
1,0,99.9,11.957,12.907,17.92,19.574
1,0,100,11.978,12.929,17.954,19.612
1,0,100.1,11.998,12.952,17.988,19.65
1,0,100.2,12.018,12.974,18.022,19.688
1,0,100.3,12.038,12.997,18.056,19.727
1,0,100.4,12.059,13.019,18.091,19.766
1,0,100.5,12.079,13.042,18.126,19.805
1,0,100.6,12.1,13.065,18.16,19.844
1,0,100.7,12.12,13.087,18.195,19.883
1,0,100.8,12.141,13.11,18.23,19.922
1,0,100.9,12.162,13.133,18.265,19.962
1,0,101,12.182,13.155,18.3,20.002
1,0,101.1,12.203,13.178,18.335,20.041
1,0,101.2,12.224,13.201,18.371,20.081
1,0,101.3,12.244,13.224,18.406,20.121
1,0,101.4,12.265,13.247,18.442,20.161
1,0,101.5,12.286,13.27,18.478,20.201
1,0,101.6,12.307,13.293,18.514,20.242
1,0,101.7,12.328,13.317,18.55,20.282
1,0,101.8,12.349,13.34,18.586,20.322
1,0,101.9,12.37,13.363,18.622,20.364
1,0,102,12.391,13.386,18.658,20.404
1,0,102.1,12.412,13.41,18.695,20.445
1,0,102.2,12.433,13.433,18.731,20.487
1,0,102.3,12.454,13.457,18.768,20.528
1,0,102.4,12.476,13.48,18.804,20.569
1,0,102.5,12.497,13.504,18.841,20.61
1,0,102.6,12.518,13.528,18.878,20.652
1,0,102.7,12.539,13.551,18.915,20.694
1,0,102.8,12.561,13.575,18.952,20.736
1,0,102.9,12.582,13.599,18.989,20.778
1,0,103,12.604,13.623,19.027,20.819
1,0,103.1,12.625,13.646,19.064,20.862
1,0,103.2,12.647,13.67,19.102,20.904
1,0,103.3,12.669,13.694,19.139,20.947
1,0,103.4,12.69,13.718,19.177,20.99
1,0,103.5,12.712,13.742,19.215,21.032
1,0,103.6,12.733,13.766,19.253,21.075
1,0,103.7,12.755,13.791,19.291,21.118
1,0,103.8,12.777,13.815,19.329,21.16
1,0,103.9,12.799,13.839,19.367,21.204
1,0,104,12.821,13.863,19.405,21.247
1,0,104.1,12.842,13.888,19.444,21.291
1,0,104.2,12.865,13.912,19.482,21.334
1,0,104.3,12.886,13.937,19.521,21.378
1,0,104.4,12.909,13.961,19.559,21.421
1,0,104.5,12.93,13.985,19.598,21.465
1,0,104.6,12.952,14.01,19.637,21.509
1,0,104.7,12.975,14.035,19.675,21.553
1,0,104.8,12.997,14.059,19.715,21.597
1,0,104.9,13.019,14.084,19.753,21.641
1,0,105,13.041,14.109,19.793,21.686
1,0,105.1,13.064,14.134,19.832,21.73
1,0,105.2,13.086,14.159,19.871,21.775
1,0,105.3,13.108,14.183,19.911,21.82
1,0,105.4,13.131,14.209,19.95,21.864
1,0,105.5,13.153,14.233,19.99,21.909
1,0,105.6,13.176,14.258,20.03,21.954
1,0,105.7,13.198,14.283,20.07,22
1,0,105.8,13.221,14.309,20.11,22.044
1,0,105.9,13.243,14.334,20.15,22.09
1,0,106,13.266,14.359,20.19,22.136
1,0,106.1,13.289,14.384,20.231,22.182
1,0,106.2,13.312,14.41,20.271,22.227
1,0,106.3,13.335,14.435,20.311,22.273
1,0,106.4,13.357,14.461,20.352,22.319
1,0,106.5,13.38,14.486,20.393,22.365
1,0,106.6,13.403,14.512,20.434,22.412
1,0,106.7,13.426,14.537,20.475,22.458
1,0,106.8,13.449,14.563,20.516,22.505
1,0,106.9,13.473,14.589,20.556,22.551
1,0,107,13.496,14.615,20.598,22.598
1,0,107.1,13.519,14.641,20.639,22.645
1,0,107.2,13.542,14.667,20.68,22.692
1,0,107.3,13.565,14.692,20.722,22.739
1,0,107.4,13.588,14.718,20.764,22.786
1,0,107.5,13.611,14.744,20.806,22.835
1,0,107.6,13.635,14.77,20.848,22.882
1,0,107.7,13.658,14.797,20.89,22.93
1,0,107.8,13.682,14.823,20.932,22.978
1,0,107.9,13.705,14.849,20.974,23.025
1,0,108,13.729,14.875,21.016,23.073
1,0,108.1,13.753,14.902,21.059,23.122
1,0,108.2,13.776,14.928,21.101,23.17
1,0,108.3,13.8,14.954,21.144,23.219
1,0,108.4,13.823,14.981,21.187,23.268
1,0,108.5,13.847,15.008,21.229,23.316
1,0,108.6,13.871,15.034,21.272,23.365
1,0,108.7,13.895,15.061,21.316,23.415
1,0,108.8,13.919,15.088,21.359,23.464
1,0,108.9,13.943,15.115,21.402,23.513
1,0,109,13.967,15.142,21.446,23.562
1,0,109.1,13.991,15.168,21.49,23.612
1,0,109.2,14.015,15.195,21.533,23.662
1,0,109.3,14.04,15.223,21.577,23.712
1,0,109.4,14.064,15.25,21.621,23.762
1,0,109.5,14.088,15.277,21.665,23.812
1,0,109.6,14.112,15.304,21.71,23.863
1,0,109.7,14.137,15.332,21.754,23.913
1,0,109.8,14.162,15.359,21.798,23.964
1,0,109.9,14.186,15.386,21.843,24.015
1,0,110,14.211,15.414,21.888,24.066
1,1,65,5.868,6.335,8.804,9.619
1,1,65.1,5.887,6.355,8.831,9.649
1,1,65.2,5.905,6.376,8.859,9.68
1,1,65.3,5.924,6.396,8.887,9.71
1,1,65.4,5.943,6.416,8.915,9.74
1,1,65.5,5.961,6.436,8.943,9.771
1,1,65.6,5.98,6.456,8.97,9.801
1,1,65.7,5.999,6.476,8.998,9.831
1,1,65.8,6.017,6.496,9.026,9.861
1,1,65.9,6.035,6.516,9.053,9.891
1,1,66,6.054,6.536,9.081,9.921
1,1,66.1,6.072,6.556,9.108,9.951
1,1,66.2,6.091,6.575,9.136,9.981
1,1,66.3,6.109,6.595,9.163,10.011
1,1,66.4,6.127,6.615,9.191,10.041
1,1,66.5,6.146,6.635,9.218,10.071
1,1,66.6,6.164,6.654,9.246,10.101
1,1,66.7,6.182,6.674,9.273,10.131
1,1,66.8,6.2,6.694,9.3,10.161
1,1,66.9,6.218,6.713,9.327,10.191
1,1,67,6.236,6.733,9.355,10.221
1,1,67.1,6.255,6.752,9.382,10.251
1,1,67.2,6.273,6.772,9.409,10.28
1,1,67.3,6.291,6.791,9.436,10.31
1,1,67.4,6.309,6.811,9.464,10.34
1,1,67.5,6.327,6.83,9.491,10.369
1,1,67.6,6.345,6.85,9.518,10.399
1,1,67.7,6.363,6.869,9.545,10.429
1,1,67.8,6.38,6.888,9.572,10.459
1,1,67.9,6.398,6.908,9.599,10.488
1,1,68,6.416,6.927,9.626,10.518
1,1,68.1,6.434,6.946,9.654,10.548
1,1,68.2,6.452,6.966,9.681,10.578
1,1,68.3,6.47,6.985,9.708,10.607
1,1,68.4,6.488,7.004,9.735,10.637
1,1,68.5,6.505,7.024,9.762,10.667
1,1,68.6,6.523,7.043,9.789,10.697
1,1,68.7,6.541,7.062,9.816,10.726
1,1,68.8,6.559,7.081,9.843,10.756
1,1,68.9,6.576,7.101,9.871,10.786
1,1,69,6.594,7.12,9.898,10.816
1,1,69.1,6.612,7.139,9.925,10.845
1,1,69.2,6.63,7.158,9.952,10.875
1,1,69.3,6.647,7.177,9.979,10.905
1,1,69.4,6.665,7.197,10.006,10.934
1,1,69.5,6.683,7.216,10.033,10.964
1,1,69.6,6.7,7.235,10.06,10.994
1,1,69.7,6.718,7.254,10.087,11.023
1,1,69.8,6.735,7.273,10.114,11.053
1,1,69.9,6.753,7.292,10.141,11.083
1,1,70,6.771,7.311,10.168,11.112
1,1,70.1,6.788,7.33,10.195,11.142
1,1,70.2,6.805,7.349,10.222,11.172
1,1,70.3,6.823,7.368,10.248,11.201
1,1,70.4,6.84,7.387,10.275,11.23
1,1,70.5,6.858,7.406,10.302,11.259
1,1,70.6,6.875,7.424,10.329,11.289
1,1,70.7,6.892,7.443,10.355,11.318
1,1,70.8,6.909,7.462,10.382,11.348
1,1,70.9,6.927,7.48,10.408,11.377
1,1,71,6.944,7.499,10.435,11.406
1,1,71.1,6.961,7.518,10.461,11.435
1,1,71.2,6.978,7.536,10.488,11.464
1,1,71.3,6.995,7.555,10.514,11.493
1,1,71.4,7.012,7.573,10.54,11.522
1,1,71.5,7.029,7.592,10.567,11.551
1,1,71.6,7.046,7.61,10.593,11.58
1,1,71.7,7.063,7.628,10.619,11.608
1,1,71.8,7.08,7.647,10.645,11.637
1,1,71.9,7.097,7.665,10.671,11.666
1,1,72,7.113,7.683,10.697,11.694
1,1,72.1,7.13,7.701,10.723,11.723
1,1,72.2,7.147,7.719,10.749,11.751
1,1,72.3,7.163,7.737,10.774,11.78
1,1,72.4,7.18,7.755,10.8,11.808
1,1,72.5,7.196,7.773,10.826,11.836
1,1,72.6,7.213,7.791,10.851,11.864
1,1,72.7,7.229,7.809,10.877,11.892
1,1,72.8,7.246,7.827,10.902,11.92
1,1,72.9,7.262,7.844,10.927,11.948
1,1,73,7.278,7.862,10.952,11.975
1,1,73.1,7.294,7.88,10.978,12.003
1,1,73.2,7.311,7.897,11.003,12.031
1,1,73.3,7.327,7.915,11.028,12.059
1,1,73.4,7.343,7.932,11.053,12.086
1,1,73.5,7.359,7.95,11.078,12.113
1,1,73.6,7.375,7.967,11.103,12.141
1,1,73.7,7.391,7.985,11.127,12.168
1,1,73.8,7.407,8.002,11.152,12.195
1,1,73.9,7.423,8.019,11.177,12.222
1,1,74,7.439,8.036,11.201,12.25
1,1,74.1,7.455,8.054,11.226,12.277
1,1,74.2,7.471,8.071,11.25,12.304
1,1,74.3,7.486,8.088,11.275,12.33
1,1,74.4,7.502,8.105,11.299,12.357
1,1,74.5,7.518,8.122,11.324,12.384
1,1,74.6,7.533,8.139,11.348,12.411
1,1,74.7,7.549,8.156,11.372,12.437
1,1,74.8,7.565,8.173,11.396,12.464
1,1,74.9,7.58,8.19,11.42,12.49
1,1,75,7.596,8.207,11.444,12.516
1,1,75.1,7.611,8.223,11.468,12.543
1,1,75.2,7.626,8.24,11.492,12.569
1,1,75.3,7.641,8.257,11.515,12.595
1,1,75.4,7.657,8.273,11.539,12.621
1,1,75.5,7.672,8.29,11.562,12.646
1,1,75.6,7.687,8.306,11.585,12.672
1,1,75.7,7.702,8.323,11.609,12.698
1,1,75.8,7.717,8.339,11.632,12.723
1,1,75.9,7.732,8.355,11.655,12.749
1,1,76,7.747,8.371,11.678,12.773
1,1,76.1,7.762,8.387,11.701,12.799
1,1,76.2,7.777,8.403,11.723,12.824
1,1,76.3,7.792,8.42,11.746,12.848
1,1,76.4,7.807,8.436,11.769,12.873
1,1,76.5,7.821,8.452,11.791,12.898
1,1,76.6,7.836,8.467,11.813,12.923
1,1,76.7,7.851,8.483,11.836,12.947
1,1,76.8,7.865,8.499,11.858,12.972
1,1,76.9,7.88,8.515,11.88,12.996
1,1,77,7.895,8.531,11.902,13.02
1,1,77.1,7.909,8.546,11.925,13.044
1,1,77.2,7.923,8.562,11.946,13.068
1,1,77.3,7.938,8.578,11.968,13.092
1,1,77.4,7.952,8.593,11.99,13.116
1,1,77.5,7.967,8.609,12.012,13.14
1,1,77.6,7.981,8.624,12.033,13.164
1,1,77.7,7.995,8.64,12.055,13.187
1,1,77.8,8.01,8.655,12.077,13.211
1,1,77.9,8.024,8.671,12.098,13.234
1,1,78,8.039,8.686,12.12,13.258
1,1,78.1,8.053,8.702,12.141,13.281
1,1,78.2,8.067,8.718,12.162,13.304
1,1,78.3,8.082,8.733,12.184,13.328
1,1,78.4,8.096,8.749,12.205,13.351
1,1,78.5,8.111,8.764,12.227,13.375
1,1,78.6,8.125,8.78,12.248,13.398
1,1,78.7,8.14,8.795,12.269,13.421
1,1,78.8,8.154,8.811,12.291,13.445
1,1,78.9,8.169,8.826,12.313,13.468
1,1,79,8.183,8.842,12.334,13.491
1,1,79.1,8.198,8.858,12.355,13.514
1,1,79.2,8.213,8.874,12.377,13.538
1,1,79.3,8.227,8.89,12.399,13.561
1,1,79.4,8.242,8.906,12.42,13.585
1,1,79.5,8.257,8.922,12.442,13.608
1,1,79.6,8.272,8.938,12.464,13.632
1,1,79.7,8.287,8.954,12.485,13.655
1,1,79.8,8.302,8.97,12.507,13.679
1,1,79.9,8.317,8.986,12.529,13.703
1,1,80,8.332,9.002,12.551,13.726
1,1,80.1,8.348,9.019,12.573,13.75
1,1,80.2,8.363,9.035,12.595,13.774
1,1,80.3,8.379,9.052,12.617,13.798
1,1,80.4,8.394,9.069,12.64,13.822
1,1,80.5,8.41,9.085,12.662,13.847
1,1,80.6,8.425,9.102,12.685,13.871
1,1,80.7,8.441,9.119,12.707,13.895
1,1,80.8,8.457,9.136,12.73,13.92
1,1,80.9,8.473,9.153,12.753,13.945
1,1,81,8.489,9.171,12.776,13.969
1,1,81.1,8.506,9.188,12.799,13.994
1,1,81.2,8.522,9.205,12.822,14.019
1,1,81.3,8.538,9.223,12.845,14.044
1,1,81.4,8.555,9.241,12.869,14.069
1,1,81.5,8.572,9.258,12.892,14.095
1,1,81.6,8.589,9.277,12.916,14.12
1,1,81.7,8.606,9.295,12.94,14.146
1,1,81.8,8.623,9.313,12.964,14.172
1,1,81.9,8.64,9.331,12.988,14.198
1,1,82,8.657,9.35,13.013,14.224
1,1,82.1,8.675,9.368,13.037,14.25
1,1,82.2,8.692,9.387,13.061,14.277
1,1,82.3,8.71,9.406,13.086,14.303
1,1,82.4,8.728,9.425,13.111,14.33
1,1,82.5,8.746,9.444,13.137,14.357
1,1,82.6,8.764,9.463,13.162,14.384
1,1,82.7,8.782,9.483,13.187,14.412
1,1,82.8,8.8,9.503,13.213,14.439
1,1,82.9,8.819,9.522,13.238,14.466
1,1,83,8.837,9.542,13.264,14.494
1,1,83.1,8.856,9.562,13.29,14.522
1,1,83.2,8.875,9.582,13.316,14.55
1,1,83.3,8.894,9.602,13.342,14.578
1,1,83.4,8.913,9.622,13.369,14.606
1,1,83.5,8.932,9.643,13.396,14.635
1,1,83.6,8.951,9.663,13.422,14.663
1,1,83.7,8.971,9.684,13.449,14.692
1,1,83.8,8.99,9.705,13.476,14.721
1,1,83.9,9.01,9.725,13.503,14.75
1,1,84,9.029,9.746,13.53,14.778
1,1,84.1,9.049,9.767,13.557,14.808
1,1,84.2,9.069,9.788,13.584,14.837
1,1,84.3,9.088,9.809,13.612,14.866
1,1,84.4,9.109,9.831,13.639,14.895
1,1,84.5,9.128,9.852,13.667,14.925
1,1,84.6,9.149,9.873,13.694,14.955
1,1,84.7,9.169,9.895,13.722,14.984
1,1,84.8,9.189,9.916,13.75,15.014
1,1,84.9,9.209,9.938,13.777,15.043
1,1,85,9.229,9.959,13.806,15.074
1,1,85.1,9.25,9.981,13.833,15.103
1,1,85.2,9.27,10.002,13.861,15.133
1,1,85.3,9.29,10.024,13.89,15.163
1,1,85.4,9.311,10.046,13.917,15.193
1,1,85.5,9.331,10.067,13.946,15.224
1,1,85.6,9.352,10.089,13.974,15.253
1,1,85.7,9.372,10.111,14.002,15.284
1,1,85.8,9.392,10.133,14.03,15.314
1,1,85.9,9.413,10.154,14.059,15.344
1,1,86,9.433,10.176,14.087,15.374
1,1,86.1,9.454,10.198,14.115,15.405
1,1,86.2,9.474,10.22,14.143,15.435
1,1,86.3,9.495,10.242,14.172,15.465
1,1,86.4,9.515,10.263,14.2,15.496
1,1,86.5,9.536,10.285,14.228,15.526
1,1,86.6,9.556,10.307,14.257,15.556
1,1,86.7,9.576,10.328,14.285,15.587
1,1,86.8,9.597,10.35,14.313,15.617
1,1,86.9,9.617,10.372,14.341,15.647
1,1,87,9.637,10.393,14.37,15.677
1,1,87.1,9.658,10.415,14.398,15.708
1,1,87.2,9.678,10.436,14.426,15.738
1,1,87.3,9.698,10.458,14.454,15.768
1,1,87.4,9.718,10.479,14.482,15.798
1,1,87.5,9.738,10.501,14.51,15.828
1,1,87.6,9.758,10.522,14.538,15.859
1,1,87.7,9.778,10.544,14.566,15.889
1,1,87.8,9.798,10.565,14.594,15.919
1,1,87.9,9.818,10.586,14.622,15.949
1,1,88,9.838,10.607,14.65,15.979
1,1,88.1,9.858,10.629,14.678,16.009
1,1,88.2,9.877,10.65,14.706,16.039
1,1,88.3,9.897,10.671,14.734,16.069
1,1,88.4,9.917,10.692,14.762,16.099
1,1,88.5,9.937,10.713,14.79,16.129
1,1,88.6,9.956,10.734,14.818,16.159
1,1,88.7,9.976,10.755,14.845,16.189
1,1,88.8,9.995,10.775,14.873,16.219
1,1,88.9,10.015,10.796,14.901,16.249
1,1,89,10.034,10.817,14.928,16.278
1,1,89.1,10.053,10.838,14.956,16.309
1,1,89.2,10.073,10.858,14.984,16.338
1,1,89.3,10.092,10.879,15.011,16.368
1,1,89.4,10.111,10.899,15.039,16.398
1,1,89.5,10.13,10.92,15.066,16.428
1,1,89.6,10.149,10.94,15.094,16.458
1,1,89.7,10.169,10.961,15.121,16.487
1,1,89.8,10.188,10.981,15.149,16.517
1,1,89.9,10.207,11.002,15.176,16.546
1,1,90,10.226,11.022,15.204,16.576
1,1,90.1,10.244,11.043,15.231,16.606
1,1,90.2,10.263,11.063,15.258,16.636
1,1,90.3,10.282,11.083,15.286,16.666
1,1,90.4,10.301,11.103,15.314,16.696
1,1,90.5,10.32,11.123,15.341,16.725
1,1,90.6,10.339,11.144,15.368,16.755
1,1,90.7,10.357,11.164,15.396,16.785
1,1,90.8,10.376,11.184,15.423,16.815
1,1,90.9,10.395,11.204,15.451,16.845
1,1,91,10.414,11.224,15.478,16.874
1,1,91.1,10.432,11.244,15.506,16.904
1,1,91.2,10.451,11.264,15.533,16.934
1,1,91.3,10.469,11.284,15.561,16.964
1,1,91.4,10.488,11.304,15.588,16.994
1,1,91.5,10.507,11.324,15.615,17.024
1,1,91.6,10.525,11.344,15.643,17.054
1,1,91.7,10.544,11.364,15.67,17.083
1,1,91.8,10.562,11.384,15.698,17.114
1,1,91.9,10.58,11.404,15.726,17.144
1,1,92,10.599,11.424,15.753,17.174
1,1,92.1,10.617,11.444,15.78,17.204
1,1,92.2,10.635,11.463,15.808,17.234
1,1,92.3,10.654,11.483,15.836,17.264
1,1,92.4,10.672,11.503,15.864,17.295
1,1,92.5,10.691,11.523,15.891,17.325
1,1,92.6,10.709,11.543,15.919,17.355
1,1,92.7,10.727,11.563,15.946,17.385
1,1,92.8,10.745,11.582,15.974,17.416
1,1,92.9,10.764,11.602,16.002,17.446
1,1,93,10.782,11.622,16.03,17.477
1,1,93.1,10.8,11.641,16.058,17.508
1,1,93.2,10.818,11.661,16.086,17.538
1,1,93.3,10.837,11.681,16.114,17.569
1,1,93.4,10.855,11.701,16.142,17.6
1,1,93.5,10.873,11.721,16.17,17.63
1,1,93.6,10.891,11.741,16.198,17.661
1,1,93.7,10.91,11.76,16.226,17.692
1,1,93.8,10.928,11.78,16.254,17.723
1,1,93.9,10.946,11.8,16.282,17.754
1,1,94,10.964,11.82,16.311,17.786
1,1,94.1,10.983,11.84,16.339,17.817
1,1,94.2,11.001,11.86,16.368,17.849
1,1,94.3,11.02,11.88,16.396,17.88
1,1,94.4,11.038,11.899,16.425,17.911
1,1,94.5,11.056,11.919,16.454,17.943
1,1,94.6,11.075,11.94,16.482,17.974
1,1,94.7,11.093,11.96,16.511,18.006
1,1,94.8,11.111,11.98,16.54,18.038
1,1,94.9,11.13,12,16.569,18.07
1,1,95,11.148,12.02,16.598,18.103
1,1,95.1,11.167,12.04,16.627,18.135
1,1,95.2,11.185,12.06,16.657,18.167
1,1,95.3,11.204,12.08,16.686,18.2
1,1,95.4,11.222,12.1,16.715,18.232
1,1,95.5,11.241,12.121,16.745,18.265
1,1,95.6,11.26,12.141,16.775,18.298
1,1,95.7,11.278,12.161,16.804,18.331
1,1,95.8,11.297,12.182,16.834,18.364
1,1,95.9,11.315,12.202,16.864,18.397
1,1,96,11.334,12.223,16.894,18.43
1,1,96.1,11.353,12.243,16.924,18.464
1,1,96.2,11.372,12.264,16.955,18.498
1,1,96.3,11.39,12.284,16.985,18.532
1,1,96.4,11.41,12.305,17.015,18.565
1,1,96.5,11.428,12.326,17.046,18.599
1,1,96.6,11.447,12.347,17.077,18.633
1,1,96.7,11.466,12.367,17.108,18.668
1,1,96.8,11.485,12.388,17.139,18.702
1,1,96.9,11.505,12.409,17.17,18.737
1,1,97,11.524,12.43,17.201,18.771
1,1,97.1,11.543,12.451,17.233,18.807
1,1,97.2,11.562,12.472,17.264,18.842
1,1,97.3,11.582,12.494,17.296,18.877
1,1,97.4,11.601,12.515,17.327,18.912
1,1,97.5,11.62,12.536,17.359,18.948
1,1,97.6,11.64,12.558,17.391,18.983
1,1,97.7,11.659,12.579,17.423,19.019
1,1,97.8,11.679,12.6,17.455,19.055
1,1,97.9,11.698,12.622,17.488,19.091
1,1,98,11.718,12.644,17.52,19.127
1,1,98.1,11.738,12.665,17.553,19.164
1,1,98.2,11.757,12.687,17.586,19.201
1,1,98.3,11.777,12.709,17.618,19.237
1,1,98.4,11.797,12.731,17.651,19.274
1,1,98.5,11.817,12.752,17.684,19.311
1,1,98.6,11.837,12.774,17.718,19.348
1,1,98.7,11.857,12.796,17.751,19.385
1,1,98.8,11.877,12.818,17.784,19.423
1,1,98.9,11.897,12.84,17.818,19.46
1,1,99,11.917,12.863,17.852,19.498
1,1,99.1,11.937,12.885,17.885,19.536
1,1,99.2,11.957,12.907,17.92,19.574
1,1,99.3,11.978,12.929,17.954,19.612
1,1,99.4,11.998,12.952,17.988,19.65
1,1,99.5,12.018,12.974,18.022,19.688
1,1,99.6,12.038,12.997,18.056,19.727
1,1,99.7,12.059,13.019,18.091,19.766
1,1,99.8,12.079,13.042,18.126,19.805
1,1,99.9,12.1,13.065,18.16,19.844
1,1,100,12.12,13.087,18.195,19.883
1,1,100.1,12.141,13.11,18.23,19.922
1,1,100.2,12.162,13.133,18.265,19.962
1,1,100.3,12.182,13.155,18.3,20.002
1,1,100.4,12.203,13.178,18.335,20.041
1,1,100.5,12.224,13.201,18.371,20.081
1,1,100.6,12.244,13.224,18.406,20.121
1,1,100.7,12.265,13.247,18.442,20.161
1,1,100.8,12.286,13.27,18.478,20.201
1,1,100.9,12.307,13.293,18.514,20.242
1,1,101,12.328,13.317,18.55,20.282
1,1,101.1,12.349,13.34,18.586,20.322
1,1,101.2,12.37,13.363,18.622,20.364
1,1,101.3,12.391,13.386,18.658,20.404
1,1,101.4,12.412,13.41,18.695,20.445
1,1,101.5,12.433,13.433,18.731,20.487
1,1,101.6,12.454,13.457,18.768,20.528
1,1,101.7,12.476,13.48,18.804,20.569
1,1,101.8,12.497,13.504,18.841,20.61
1,1,101.9,12.518,13.528,18.878,20.652
1,1,102,12.539,13.551,18.915,20.694
1,1,102.1,12.561,13.575,18.952,20.736
1,1,102.2,12.582,13.599,18.989,20.778
1,1,102.3,12.604,13.623,19.027,20.819
1,1,102.4,12.625,13.646,19.064,20.862
1,1,102.5,12.647,13.67,19.102,20.904
1,1,102.6,12.669,13.694,19.139,20.947
1,1,102.7,12.69,13.718,19.177,20.99
1,1,102.8,12.712,13.742,19.215,21.032
1,1,102.9,12.733,13.766,19.253,21.075
1,1,103,12.755,13.791,19.291,21.118
1,1,103.1,12.777,13.815,19.329,21.16
1,1,103.2,12.799,13.839,19.367,21.204
1,1,103.3,12.821,13.863,19.405,21.247
1,1,103.4,12.842,13.888,19.444,21.291
1,1,103.5,12.865,13.912,19.482,21.334
1,1,103.6,12.886,13.937,19.521,21.378
1,1,103.7,12.909,13.961,19.559,21.421
1,1,103.8,12.93,13.985,19.598,21.465
1,1,103.9,12.952,14.01,19.637,21.509
1,1,104,12.975,14.035,19.675,21.553
1,1,104.1,12.997,14.059,19.715,21.597
1,1,104.2,13.019,14.084,19.753,21.641
1,1,104.3,13.041,14.109,19.793,21.686
1,1,104.4,13.064,14.134,19.832,21.73
1,1,104.5,13.086,14.159,19.871,21.775
1,1,104.6,13.108,14.183,19.911,21.82
1,1,104.7,13.131,14.209,19.95,21.864
1,1,104.8,13.153,14.233,19.99,21.909
1,1,104.9,13.176,14.258,20.03,21.954
1,1,105,13.198,14.283,20.07,22
1,1,105.1,13.221,14.309,20.11,22.044
1,1,105.2,13.243,14.334,20.15,22.09
1,1,105.3,13.266,14.359,20.19,22.136
1,1,105.4,13.289,14.384,20.231,22.182
1,1,105.5,13.312,14.41,20.271,22.227
1,1,105.6,13.335,14.435,20.311,22.273
1,1,105.7,13.357,14.461,20.352,22.319
1,1,105.8,13.38,14.486,20.393,22.365
1,1,105.9,13.403,14.512,20.434,22.412
1,1,106,13.426,14.537,20.475,22.458
1,1,106.1,13.449,14.563,20.516,22.505
1,1,106.2,13.473,14.589,20.556,22.551
1,1,106.3,13.496,14.615,20.598,22.598
1,1,106.4,13.519,14.641,20.639,22.645
1,1,106.5,13.542,14.667,20.68,22.692
1,1,106.6,13.565,14.692,20.722,22.739
1,1,106.7,13.588,14.718,20.764,22.786
1,1,106.8,13.611,14.744,20.806,22.835
1,1,106.9,13.635,14.77,20.848,22.882
1,1,107,13.658,14.797,20.89,22.93
1,1,107.1,13.682,14.823,20.932,22.978
1,1,107.2,13.705,14.849,20.974,23.025
1,1,107.3,13.729,14.875,21.016,23.073
1,1,107.4,13.753,14.902,21.059,23.122
1,1,107.5,13.776,14.928,21.101,23.17
1,1,107.6,13.8,14.954,21.144,23.219
1,1,107.7,13.823,14.981,21.187,23.268
1,1,107.8,13.847,15.008,21.229,23.316
1,1,107.9,13.871,15.034,21.272,23.365
1,1,108,13.895,15.061,21.316,23.415
1,1,108.1,13.919,15.088,21.359,23.464
1,1,108.2,13.943,15.115,21.402,23.513
1,1,108.3,13.967,15.142,21.446,23.562
1,1,108.4,13.991,15.168,21.49,23.612
1,1,108.5,14.015,15.195,21.533,23.662
1,1,108.6,14.04,15.223,21.577,23.712
1,1,108.7,14.064,15.25,21.621,23.762
1,1,108.8,14.088,15.277,21.665,23.812
1,1,108.9,14.112,15.304,21.71,23.863
1,1,109,14.137,15.332,21.754,23.913
1,1,109.1,14.162,15.359,21.798,23.964
1,1,109.2,14.186,15.386,21.843,24.015
1,1,109.3,14.211,15.414,21.888,24.066
1,1,109.4,14.235,15.442,21.933,24.118
1,1,109.5,14.26,15.47,21.978,24.169
1,1,109.6,14.285,15.497,22.023,24.22
1,1,109.7,14.31,15.525,22.068,24.272
1,1,109.8,14.335,15.553,22.114,24.323
1,1,109.9,14.36,15.581,22.159,24.376
1,1,110,14.385,15.609,22.205,24.428
1,1,110.1,14.41,15.637,22.25,24.479
1,1,110.2,14.435,15.666,22.297,24.532
1,1,110.3,14.461,15.694,22.342,24.584
1,1,110.4,14.486,15.722,22.389,24.637
1,1,110.5,14.511,15.751,22.435,24.69
1,1,110.6,14.537,15.779,22.481,24.742
1,1,110.7,14.562,15.808,22.528,24.796
1,1,110.8,14.588,15.836,22.574,24.849
1,1,110.9,14.613,15.865,22.621,24.902
1,1,111,14.639,15.894,22.668,24.955
1,1,111.1,14.664,15.922,22.715,25.009
1,1,111.2,14.69,15.951,22.762,25.063
1,1,111.3,14.716,15.98,22.809,25.116
1,1,111.4,14.742,16.009,22.856,25.17
1,1,111.5,14.768,16.038,22.903,25.224
1,1,111.6,14.794,16.067,22.951,25.279
1,1,111.7,14.82,16.096,22.998,25.333
1,1,111.8,14.846,16.126,23.046,25.387
1,1,111.9,14.872,16.155,23.094,25.442
1,1,112,14.898,16.184,23.141,25.496
1,1,112.1,14.924,16.213,23.189,25.55
1,1,112.2,14.95,16.243,23.237,25.606
1,1,112.3,14.977,16.272,23.285,25.66
1,1,112.4,15.003,16.302,23.333,25.715
1,1,112.5,15.029,16.331,23.381,25.77
1,1,112.6,15.056,16.361,23.43,25.825
1,1,112.7,15.083,16.39,23.478,25.88
1,1,112.8,15.109,16.42,23.527,25.936
1,1,112.9,15.135,16.45,23.575,25.991
1,1,113,15.162,16.479,23.623,26.047
1,1,113.1,15.189,16.509,23.672,26.102
1,1,113.2,15.215,16.539,23.721,26.158
1,1,113.3,15.242,16.569,23.77,26.214
1,1,113.4,15.269,16.599,23.819,26.269
1,1,113.5,15.296,16.629,23.868,26.325
1,1,113.6,15.322,16.659,23.917,26.382
1,1,113.7,15.349,16.689,23.966,26.438
1,1,113.8,15.376,16.719,24.015,26.494
1,1,113.9,15.403,16.749,24.064,26.55
1,1,114,15.429,16.779,24.114,26.607
1,1,114.1,15.456,16.809,24.163,26.663
1,1,114.2,15.484,16.84,24.213,26.72
1,1,114.3,15.511,16.87,24.262,26.776
1,1,114.4,15.537,16.9,24.312,26.834
1,1,114.5,15.565,16.931,24.362,26.891
1,1,114.6,15.592,16.961,24.412,26.947
1,1,114.7,15.619,16.991,24.461,27.004
1,1,114.8,15.646,17.022,24.511,27.061
1,1,114.9,15.673,17.052,24.562,27.119
1,1,115,15.7,17.083,24.612,27.176
1,1,115.1,15.727,17.113,24.661,27.233
1,1,115.2,15.755,17.144,24.712,27.29
1,1,115.3,15.782,17.175,24.762,27.348
1,1,115.4,15.81,17.205,24.812,27.405
1,1,115.5,15.836,17.236,24.863,27.463
1,1,115.6,15.864,17.266,24.913,27.521
1,1,115.7,15.891,17.297,24.963,27.578
1,1,115.8,15.919,17.328,25.014,27.636
1,1,115.9,15.946,17.359,25.064,27.694
1,1,116,15.974,17.389,25.115,27.752
1,1,116.1,16.001,17.42,25.165,27.809
1,1,116.2,16.028,17.451,25.216,27.868
1,1,116.3,16.056,17.481,25.267,27.926
1,1,116.4,16.083,17.512,25.317,27.984
1,1,116.5,16.111,17.543,25.368,28.042
1,1,116.6,16.138,17.574,25.419,28.1
1,1,116.7,16.166,17.605,25.47,28.158
1,1,116.8,16.193,17.635,25.521,28.218
1,1,116.9,16.22,17.666,25.572,28.276
1,1,117,16.248,17.697,25.623,28.334
1,1,117.1,16.275,17.728,25.674,28.392
1,1,117.2,16.303,17.759,25.725,28.451
1,1,117.3,16.33,17.79,25.776,28.509
1,1,117.4,16.358,17.821,25.827,28.568
1,1,117.5,16.385,17.852,25.879,28.627
1,1,117.6,16.413,17.883,25.93,28.686
1,1,117.7,16.44,17.913,25.981,28.745
1,1,117.8,16.468,17.944,26.032,28.803
1,1,117.9,16.495,17.975,26.083,28.862
1,1,118,16.523,18.006,26.135,28.921
1,1,118.1,16.55,18.037,26.186,28.981
1,1,118.2,16.578,18.068,26.238,29.039
1,1,118.3,16.605,18.099,26.289,29.098
1,1,118.4,16.633,18.13,26.34,29.157
1,1,118.5,16.66,18.161,26.392,29.216
1,1,118.6,16.688,18.192,26.444,29.276
1,1,118.7,16.715,18.223,26.495,29.335
1,1,118.8,16.743,18.254,26.547,29.394
1,1,118.9,16.77,18.285,26.598,29.453
1,1,119,16.798,18.316,26.65,29.512
1,1,119.1,16.825,18.347,26.701,29.572
1,1,119.2,16.852,18.377,26.753,29.632
1,1,119.3,16.88,18.408,26.805,29.691
1,1,119.4,16.908,18.439,26.856,29.75
1,1,119.5,16.935,18.47,26.908,29.81
1,1,119.6,16.963,18.501,26.959,29.869
1,1,119.7,16.99,18.532,27.012,29.929
1,1,119.8,17.017,18.563,27.063,29.988
1,1,119.9,17.045,18.593,27.115,30.048
1,1,120,17.072,18.624,27.167,30.107